<?xml version='1.0' encoding='windows-1252'?>
<GateDocument version="3">
<!-- The document's features-->

<GateDocumentFeatures>
<Feature>
  <Name className="java.lang.String">gate.SourceURL</Name>
  <Value className="java.lang.String">file:/home/leon/dev/tal-ner-extended/dataset/cf1/cfjob2-conll/cf2_181.conll</Value>
</Feature>
<Feature>
  <Name className="java.lang.String">lodie.scoring.keyOverlapsOnly</Name>
  <Value className="java.lang.String">true</Value>
</Feature>
<Feature>
  <Name className="java.lang.String">docNewLineType</Name>
  <Value className="java.lang.String">LF</Value>
</Feature>
<Feature>
  <Name className="java.lang.String">deleteNonNNPLookups</Name>
  <Value className="java.lang.String">true</Value>
</Feature>
<Feature>
  <Name className="java.lang.String">lang</Name>
  <Value className="java.lang.String">en</Value>
</Feature>
<Feature>
  <Name className="java.lang.String">run-removeLookups</Name>
  <Value className="java.lang.String">false</Value>
</Feature>
<Feature>
  <Name className="java.lang.String">MimeType</Name>
  <Value className="java.lang.String">text/x-conll</Value>
</Feature>
</GateDocumentFeatures>
<!-- The document content area with serialized nodes -->

<TextWithNodes><Node id="0"/> <Node id="1"/>You<Node id="4"/> <Node id="5"/>Get<Node id="8"/> <Node id="9"/>What<Node id="13"/> <Node id="14"/>You<Node id="17"/> <Node id="18"/>Give<Node id="22"/> <Node id="23"/>~<Node id="24"/> <Node id="25"/>Zac<Node id="28"/> <Node id="29"/>Brown<Node id="34"/> <Node id="35"/>Band<Node id="39"/> <Node id="40"/>40<Node id="42"/> <Node id="43"/>days<Node id="47"/> <Node id="48"/>in<Node id="50"/> <Node id="51"/>the<Node id="54"/> <Node id="55"/>top<Node id="58"/> <Node id="59"/>100<Node id="62"/> <Node id="63"/>Release<Node id="70"/> <Node id="71"/>Date<Node id="75"/> <Node id="76"/>:<Node id="77"/> <Node id="78"/>September<Node id="87"/> <Node id="88"/>21<Node id="90"/> <Node id="91"/>,<Node id="92"/> <Node id="93"/>2010Buy<Node id="100"/> <Node id="101"/>new<Node id="104"/> <Node id="105"/>:<Node id="106"/> <Node id="107"/>$<Node id="108"/> <Node id="109"/>18.98<Node id="114"/> <Node id="115"/>$<Node id="116"/> <Node id="117"/>...<Node id="120"/> <Node id="121"/>http://amzn.to/9Cfkpc<Node id="142"/> <Node id="143"/></TextWithNodes>
<!-- The default annotation set -->

<AnnotationSet>
</AnnotationSet>

<!-- Named annotation set -->

<AnnotationSet Name="Original markups">
<Annotation Id="0" Type="Token" StartNode="0" EndNode="0">
<Feature>
  <Name className="java.lang.String">length</Name>
  <Value className="java.lang.Integer">0</Value>
</Feature>
<Feature>
  <Name className="java.lang.String">string</Name>
  <Value className="java.lang.String"></Value>
</Feature>
</Annotation>
<Annotation Id="1" Type="SpaceToken" StartNode="0" EndNode="1">
<Feature>
  <Name className="java.lang.String">length</Name>
  <Value className="java.lang.Integer">1</Value>
</Feature>
<Feature>
  <Name className="java.lang.String">string</Name>
  <Value className="java.lang.String"> </Value>
</Feature>
</Annotation>
<Annotation Id="2" Type="Token" StartNode="1" EndNode="4">
<Feature>
  <Name className="java.lang.String">length</Name>
  <Value className="java.lang.Integer">3</Value>
</Feature>
<Feature>
  <Name className="java.lang.String">string</Name>
  <Value className="java.lang.String">You</Value>
</Feature>
</Annotation>
<Annotation Id="3" Type="SpaceToken" StartNode="4" EndNode="5">
<Feature>
  <Name className="java.lang.String">length</Name>
  <Value className="java.lang.Integer">1</Value>
</Feature>
<Feature>
  <Name className="java.lang.String">string</Name>
  <Value className="java.lang.String"> </Value>
</Feature>
</Annotation>
<Annotation Id="4" Type="Token" StartNode="5" EndNode="8">
<Feature>
  <Name className="java.lang.String">length</Name>
  <Value className="java.lang.Integer">3</Value>
</Feature>
<Feature>
  <Name className="java.lang.String">string</Name>
  <Value className="java.lang.String">Get</Value>
</Feature>
</Annotation>
<Annotation Id="5" Type="SpaceToken" StartNode="8" EndNode="9">
<Feature>
  <Name className="java.lang.String">length</Name>
  <Value className="java.lang.Integer">1</Value>
</Feature>
<Feature>
  <Name className="java.lang.String">string</Name>
  <Value className="java.lang.String"> </Value>
</Feature>
</Annotation>
<Annotation Id="6" Type="Token" StartNode="9" EndNode="13">
<Feature>
  <Name className="java.lang.String">length</Name>
  <Value className="java.lang.Integer">4</Value>
</Feature>
<Feature>
  <Name className="java.lang.String">string</Name>
  <Value className="java.lang.String">What</Value>
</Feature>
</Annotation>
<Annotation Id="7" Type="SpaceToken" StartNode="13" EndNode="14">
<Feature>
  <Name className="java.lang.String">length</Name>
  <Value className="java.lang.Integer">1</Value>
</Feature>
<Feature>
  <Name className="java.lang.String">string</Name>
  <Value className="java.lang.String"> </Value>
</Feature>
</Annotation>
<Annotation Id="8" Type="Token" StartNode="14" EndNode="17">
<Feature>
  <Name className="java.lang.String">length</Name>
  <Value className="java.lang.Integer">3</Value>
</Feature>
<Feature>
  <Name className="java.lang.String">string</Name>
  <Value className="java.lang.String">You</Value>
</Feature>
</Annotation>
<Annotation Id="9" Type="SpaceToken" StartNode="17" EndNode="18">
<Feature>
  <Name className="java.lang.String">length</Name>
  <Value className="java.lang.Integer">1</Value>
</Feature>
<Feature>
  <Name className="java.lang.String">string</Name>
  <Value className="java.lang.String"> </Value>
</Feature>
</Annotation>
<Annotation Id="10" Type="Token" StartNode="18" EndNode="22">
<Feature>
  <Name className="java.lang.String">length</Name>
  <Value className="java.lang.Integer">4</Value>
</Feature>
<Feature>
  <Name className="java.lang.String">string</Name>
  <Value className="java.lang.String">Give</Value>
</Feature>
</Annotation>
<Annotation Id="11" Type="SpaceToken" StartNode="22" EndNode="23">
<Feature>
  <Name className="java.lang.String">length</Name>
  <Value className="java.lang.Integer">1</Value>
</Feature>
<Feature>
  <Name className="java.lang.String">string</Name>
  <Value className="java.lang.String"> </Value>
</Feature>
</Annotation>
<Annotation Id="12" Type="Token" StartNode="23" EndNode="24">
<Feature>
  <Name className="java.lang.String">length</Name>
  <Value className="java.lang.Integer">1</Value>
</Feature>
<Feature>
  <Name className="java.lang.String">string</Name>
  <Value className="java.lang.String">~</Value>
</Feature>
</Annotation>
<Annotation Id="13" Type="SpaceToken" StartNode="24" EndNode="25">
<Feature>
  <Name className="java.lang.String">length</Name>
  <Value className="java.lang.Integer">1</Value>
</Feature>
<Feature>
  <Name className="java.lang.String">string</Name>
  <Value className="java.lang.String"> </Value>
</Feature>
</Annotation>
<Annotation Id="14" Type="Token" StartNode="25" EndNode="28">
<Feature>
  <Name className="java.lang.String">length</Name>
  <Value className="java.lang.Integer">3</Value>
</Feature>
<Feature>
  <Name className="java.lang.String">string</Name>
  <Value className="java.lang.String">Zac</Value>
</Feature>
</Annotation>
<Annotation Id="15" Type="SpaceToken" StartNode="28" EndNode="29">
<Feature>
  <Name className="java.lang.String">length</Name>
  <Value className="java.lang.Integer">1</Value>
</Feature>
<Feature>
  <Name className="java.lang.String">string</Name>
  <Value className="java.lang.String"> </Value>
</Feature>
</Annotation>
<Annotation Id="16" Type="Token" StartNode="29" EndNode="34">
<Feature>
  <Name className="java.lang.String">length</Name>
  <Value className="java.lang.Integer">5</Value>
</Feature>
<Feature>
  <Name className="java.lang.String">string</Name>
  <Value className="java.lang.String">Brown</Value>
</Feature>
</Annotation>
<Annotation Id="17" Type="SpaceToken" StartNode="34" EndNode="35">
<Feature>
  <Name className="java.lang.String">length</Name>
  <Value className="java.lang.Integer">1</Value>
</Feature>
<Feature>
  <Name className="java.lang.String">string</Name>
  <Value className="java.lang.String"> </Value>
</Feature>
</Annotation>
<Annotation Id="18" Type="Token" StartNode="35" EndNode="39">
<Feature>
  <Name className="java.lang.String">length</Name>
  <Value className="java.lang.Integer">4</Value>
</Feature>
<Feature>
  <Name className="java.lang.String">string</Name>
  <Value className="java.lang.String">Band</Value>
</Feature>
</Annotation>
<Annotation Id="19" Type="SpaceToken" StartNode="39" EndNode="40">
<Feature>
  <Name className="java.lang.String">length</Name>
  <Value className="java.lang.Integer">1</Value>
</Feature>
<Feature>
  <Name className="java.lang.String">string</Name>
  <Value className="java.lang.String"> </Value>
</Feature>
</Annotation>
<Annotation Id="20" Type="Token" StartNode="40" EndNode="42">
<Feature>
  <Name className="java.lang.String">length</Name>
  <Value className="java.lang.Integer">2</Value>
</Feature>
<Feature>
  <Name className="java.lang.String">string</Name>
  <Value className="java.lang.String">40</Value>
</Feature>
</Annotation>
<Annotation Id="21" Type="SpaceToken" StartNode="42" EndNode="43">
<Feature>
  <Name className="java.lang.String">length</Name>
  <Value className="java.lang.Integer">1</Value>
</Feature>
<Feature>
  <Name className="java.lang.String">string</Name>
  <Value className="java.lang.String"> </Value>
</Feature>
</Annotation>
<Annotation Id="22" Type="musicartist" StartNode="25" EndNode="39">
<Feature>
  <Name className="java.lang.String">column</Name>
  <Value className="java.lang.Integer">1</Value>
</Feature>
<Feature>
  <Name className="java.lang.String">kind</Name>
  <Value className="java.lang.String">chunk</Value>
</Feature>
</Annotation>
<Annotation Id="23" Type="Token" StartNode="43" EndNode="47">
<Feature>
  <Name className="java.lang.String">length</Name>
  <Value className="java.lang.Integer">4</Value>
</Feature>
<Feature>
  <Name className="java.lang.String">string</Name>
  <Value className="java.lang.String">days</Value>
</Feature>
</Annotation>
<Annotation Id="24" Type="SpaceToken" StartNode="47" EndNode="48">
<Feature>
  <Name className="java.lang.String">length</Name>
  <Value className="java.lang.Integer">1</Value>
</Feature>
<Feature>
  <Name className="java.lang.String">string</Name>
  <Value className="java.lang.String"> </Value>
</Feature>
</Annotation>
<Annotation Id="25" Type="Token" StartNode="48" EndNode="50">
<Feature>
  <Name className="java.lang.String">length</Name>
  <Value className="java.lang.Integer">2</Value>
</Feature>
<Feature>
  <Name className="java.lang.String">string</Name>
  <Value className="java.lang.String">in</Value>
</Feature>
</Annotation>
<Annotation Id="26" Type="SpaceToken" StartNode="50" EndNode="51">
<Feature>
  <Name className="java.lang.String">length</Name>
  <Value className="java.lang.Integer">1</Value>
</Feature>
<Feature>
  <Name className="java.lang.String">string</Name>
  <Value className="java.lang.String"> </Value>
</Feature>
</Annotation>
<Annotation Id="27" Type="Token" StartNode="51" EndNode="54">
<Feature>
  <Name className="java.lang.String">length</Name>
  <Value className="java.lang.Integer">3</Value>
</Feature>
<Feature>
  <Name className="java.lang.String">string</Name>
  <Value className="java.lang.String">the</Value>
</Feature>
</Annotation>
<Annotation Id="28" Type="SpaceToken" StartNode="54" EndNode="55">
<Feature>
  <Name className="java.lang.String">length</Name>
  <Value className="java.lang.Integer">1</Value>
</Feature>
<Feature>
  <Name className="java.lang.String">string</Name>
  <Value className="java.lang.String"> </Value>
</Feature>
</Annotation>
<Annotation Id="29" Type="Token" StartNode="55" EndNode="58">
<Feature>
  <Name className="java.lang.String">length</Name>
  <Value className="java.lang.Integer">3</Value>
</Feature>
<Feature>
  <Name className="java.lang.String">string</Name>
  <Value className="java.lang.String">top</Value>
</Feature>
</Annotation>
<Annotation Id="30" Type="SpaceToken" StartNode="58" EndNode="59">
<Feature>
  <Name className="java.lang.String">length</Name>
  <Value className="java.lang.Integer">1</Value>
</Feature>
<Feature>
  <Name className="java.lang.String">string</Name>
  <Value className="java.lang.String"> </Value>
</Feature>
</Annotation>
<Annotation Id="31" Type="Token" StartNode="59" EndNode="62">
<Feature>
  <Name className="java.lang.String">length</Name>
  <Value className="java.lang.Integer">3</Value>
</Feature>
<Feature>
  <Name className="java.lang.String">string</Name>
  <Value className="java.lang.String">100</Value>
</Feature>
</Annotation>
<Annotation Id="32" Type="SpaceToken" StartNode="62" EndNode="63">
<Feature>
  <Name className="java.lang.String">length</Name>
  <Value className="java.lang.Integer">1</Value>
</Feature>
<Feature>
  <Name className="java.lang.String">string</Name>
  <Value className="java.lang.String"> </Value>
</Feature>
</Annotation>
<Annotation Id="33" Type="Token" StartNode="63" EndNode="70">
<Feature>
  <Name className="java.lang.String">length</Name>
  <Value className="java.lang.Integer">7</Value>
</Feature>
<Feature>
  <Name className="java.lang.String">string</Name>
  <Value className="java.lang.String">Release</Value>
</Feature>
</Annotation>
<Annotation Id="34" Type="SpaceToken" StartNode="70" EndNode="71">
<Feature>
  <Name className="java.lang.String">length</Name>
  <Value className="java.lang.Integer">1</Value>
</Feature>
<Feature>
  <Name className="java.lang.String">string</Name>
  <Value className="java.lang.String"> </Value>
</Feature>
</Annotation>
<Annotation Id="35" Type="Token" StartNode="71" EndNode="75">
<Feature>
  <Name className="java.lang.String">length</Name>
  <Value className="java.lang.Integer">4</Value>
</Feature>
<Feature>
  <Name className="java.lang.String">string</Name>
  <Value className="java.lang.String">Date</Value>
</Feature>
</Annotation>
<Annotation Id="36" Type="SpaceToken" StartNode="75" EndNode="76">
<Feature>
  <Name className="java.lang.String">length</Name>
  <Value className="java.lang.Integer">1</Value>
</Feature>
<Feature>
  <Name className="java.lang.String">string</Name>
  <Value className="java.lang.String"> </Value>
</Feature>
</Annotation>
<Annotation Id="37" Type="Token" StartNode="76" EndNode="77">
<Feature>
  <Name className="java.lang.String">length</Name>
  <Value className="java.lang.Integer">1</Value>
</Feature>
<Feature>
  <Name className="java.lang.String">string</Name>
  <Value className="java.lang.String">:</Value>
</Feature>
</Annotation>
<Annotation Id="38" Type="SpaceToken" StartNode="77" EndNode="78">
<Feature>
  <Name className="java.lang.String">length</Name>
  <Value className="java.lang.Integer">1</Value>
</Feature>
<Feature>
  <Name className="java.lang.String">string</Name>
  <Value className="java.lang.String"> </Value>
</Feature>
</Annotation>
<Annotation Id="39" Type="Token" StartNode="78" EndNode="87">
<Feature>
  <Name className="java.lang.String">length</Name>
  <Value className="java.lang.Integer">9</Value>
</Feature>
<Feature>
  <Name className="java.lang.String">string</Name>
  <Value className="java.lang.String">September</Value>
</Feature>
</Annotation>
<Annotation Id="40" Type="SpaceToken" StartNode="87" EndNode="88">
<Feature>
  <Name className="java.lang.String">length</Name>
  <Value className="java.lang.Integer">1</Value>
</Feature>
<Feature>
  <Name className="java.lang.String">string</Name>
  <Value className="java.lang.String"> </Value>
</Feature>
</Annotation>
<Annotation Id="41" Type="Token" StartNode="88" EndNode="90">
<Feature>
  <Name className="java.lang.String">length</Name>
  <Value className="java.lang.Integer">2</Value>
</Feature>
<Feature>
  <Name className="java.lang.String">string</Name>
  <Value className="java.lang.String">21</Value>
</Feature>
</Annotation>
<Annotation Id="42" Type="SpaceToken" StartNode="90" EndNode="91">
<Feature>
  <Name className="java.lang.String">length</Name>
  <Value className="java.lang.Integer">1</Value>
</Feature>
<Feature>
  <Name className="java.lang.String">string</Name>
  <Value className="java.lang.String"> </Value>
</Feature>
</Annotation>
<Annotation Id="43" Type="Token" StartNode="91" EndNode="92">
<Feature>
  <Name className="java.lang.String">length</Name>
  <Value className="java.lang.Integer">1</Value>
</Feature>
<Feature>
  <Name className="java.lang.String">string</Name>
  <Value className="java.lang.String">,</Value>
</Feature>
</Annotation>
<Annotation Id="44" Type="SpaceToken" StartNode="92" EndNode="93">
<Feature>
  <Name className="java.lang.String">length</Name>
  <Value className="java.lang.Integer">1</Value>
</Feature>
<Feature>
  <Name className="java.lang.String">string</Name>
  <Value className="java.lang.String"> </Value>
</Feature>
</Annotation>
<Annotation Id="45" Type="Token" StartNode="93" EndNode="100">
<Feature>
  <Name className="java.lang.String">length</Name>
  <Value className="java.lang.Integer">7</Value>
</Feature>
<Feature>
  <Name className="java.lang.String">string</Name>
  <Value className="java.lang.String">2010Buy</Value>
</Feature>
</Annotation>
<Annotation Id="46" Type="SpaceToken" StartNode="100" EndNode="101">
<Feature>
  <Name className="java.lang.String">length</Name>
  <Value className="java.lang.Integer">1</Value>
</Feature>
<Feature>
  <Name className="java.lang.String">string</Name>
  <Value className="java.lang.String"> </Value>
</Feature>
</Annotation>
<Annotation Id="47" Type="Token" StartNode="101" EndNode="104">
<Feature>
  <Name className="java.lang.String">length</Name>
  <Value className="java.lang.Integer">3</Value>
</Feature>
<Feature>
  <Name className="java.lang.String">string</Name>
  <Value className="java.lang.String">new</Value>
</Feature>
</Annotation>
<Annotation Id="48" Type="SpaceToken" StartNode="104" EndNode="105">
<Feature>
  <Name className="java.lang.String">length</Name>
  <Value className="java.lang.Integer">1</Value>
</Feature>
<Feature>
  <Name className="java.lang.String">string</Name>
  <Value className="java.lang.String"> </Value>
</Feature>
</Annotation>
<Annotation Id="49" Type="Token" StartNode="105" EndNode="106">
<Feature>
  <Name className="java.lang.String">length</Name>
  <Value className="java.lang.Integer">1</Value>
</Feature>
<Feature>
  <Name className="java.lang.String">string</Name>
  <Value className="java.lang.String">:</Value>
</Feature>
</Annotation>
<Annotation Id="50" Type="SpaceToken" StartNode="106" EndNode="107">
<Feature>
  <Name className="java.lang.String">length</Name>
  <Value className="java.lang.Integer">1</Value>
</Feature>
<Feature>
  <Name className="java.lang.String">string</Name>
  <Value className="java.lang.String"> </Value>
</Feature>
</Annotation>
<Annotation Id="51" Type="Token" StartNode="107" EndNode="108">
<Feature>
  <Name className="java.lang.String">length</Name>
  <Value className="java.lang.Integer">1</Value>
</Feature>
<Feature>
  <Name className="java.lang.String">string</Name>
  <Value className="java.lang.String">$</Value>
</Feature>
</Annotation>
<Annotation Id="52" Type="SpaceToken" StartNode="108" EndNode="109">
<Feature>
  <Name className="java.lang.String">length</Name>
  <Value className="java.lang.Integer">1</Value>
</Feature>
<Feature>
  <Name className="java.lang.String">string</Name>
  <Value className="java.lang.String"> </Value>
</Feature>
</Annotation>
<Annotation Id="53" Type="Token" StartNode="109" EndNode="114">
<Feature>
  <Name className="java.lang.String">length</Name>
  <Value className="java.lang.Integer">5</Value>
</Feature>
<Feature>
  <Name className="java.lang.String">string</Name>
  <Value className="java.lang.String">18.98</Value>
</Feature>
</Annotation>
<Annotation Id="54" Type="SpaceToken" StartNode="114" EndNode="115">
<Feature>
  <Name className="java.lang.String">length</Name>
  <Value className="java.lang.Integer">1</Value>
</Feature>
<Feature>
  <Name className="java.lang.String">string</Name>
  <Value className="java.lang.String"> </Value>
</Feature>
</Annotation>
<Annotation Id="55" Type="Token" StartNode="115" EndNode="116">
<Feature>
  <Name className="java.lang.String">length</Name>
  <Value className="java.lang.Integer">1</Value>
</Feature>
<Feature>
  <Name className="java.lang.String">string</Name>
  <Value className="java.lang.String">$</Value>
</Feature>
</Annotation>
<Annotation Id="56" Type="SpaceToken" StartNode="116" EndNode="117">
<Feature>
  <Name className="java.lang.String">length</Name>
  <Value className="java.lang.Integer">1</Value>
</Feature>
<Feature>
  <Name className="java.lang.String">string</Name>
  <Value className="java.lang.String"> </Value>
</Feature>
</Annotation>
<Annotation Id="57" Type="Token" StartNode="117" EndNode="120">
<Feature>
  <Name className="java.lang.String">length</Name>
  <Value className="java.lang.Integer">3</Value>
</Feature>
<Feature>
  <Name className="java.lang.String">string</Name>
  <Value className="java.lang.String">...</Value>
</Feature>
</Annotation>
<Annotation Id="58" Type="SpaceToken" StartNode="120" EndNode="121">
<Feature>
  <Name className="java.lang.String">length</Name>
  <Value className="java.lang.Integer">1</Value>
</Feature>
<Feature>
  <Name className="java.lang.String">string</Name>
  <Value className="java.lang.String"> </Value>
</Feature>
</Annotation>
<Annotation Id="59" Type="Token" StartNode="121" EndNode="142">
<Feature>
  <Name className="java.lang.String">length</Name>
  <Value className="java.lang.Integer">21</Value>
</Feature>
<Feature>
  <Name className="java.lang.String">string</Name>
  <Value className="java.lang.String">http://amzn.to/9Cfkpc</Value>
</Feature>
</Annotation>
<Annotation Id="60" Type="SpaceToken" StartNode="142" EndNode="143">
<Feature>
  <Name className="java.lang.String">length</Name>
  <Value className="java.lang.Integer">1</Value>
</Feature>
<Feature>
  <Name className="java.lang.String">string</Name>
  <Value className="java.lang.String"> </Value>
</Feature>
</Annotation>
</AnnotationSet>

<!-- Named annotation set -->

<AnnotationSet Name="Key">
<Annotation Id="1301" Type="Mention" StartNode="25" EndNode="39">
<Feature>
  <Name className="java.lang.String">subclass</Name>
  <Value className="java.lang.String">musicartist</Value>
</Feature>
<Feature>
  <Name className="java.lang.String">class</Name>
  <Value className="java.lang.String">Organization</Value>
</Feature>
<Feature>
  <Name className="java.lang.String">inst</Name>
  <Value className="java.lang.String">http://dbpedia.org/resource/Zac_Brown_Band</Value>
</Feature>
</Annotation>
</AnnotationSet>

</GateDocument>
