<?xml version='1.0' encoding='windows-1252'?>
<GateDocument version="3">
<!-- The document's features-->

<GateDocumentFeatures>
<Feature>
  <Name className="java.lang.String">gate.SourceURL</Name>
  <Value className="java.lang.String">file:/home/leon/dev/tal-ner-extended/dataset/cf1/cfjob2-conll/cf2_090.conll</Value>
</Feature>
<Feature>
  <Name className="java.lang.String">lodie.scoring.keyOverlapsOnly</Name>
  <Value className="java.lang.String">true</Value>
</Feature>
<Feature>
  <Name className="java.lang.String">docNewLineType</Name>
  <Value className="java.lang.String">LF</Value>
</Feature>
<Feature>
  <Name className="java.lang.String">deleteNonNNPLookups</Name>
  <Value className="java.lang.String">true</Value>
</Feature>
<Feature>
  <Name className="java.lang.String">lang</Name>
  <Value className="java.lang.String">en</Value>
</Feature>
<Feature>
  <Name className="java.lang.String">run-removeLookups</Name>
  <Value className="java.lang.String">false</Value>
</Feature>
<Feature>
  <Name className="java.lang.String">MimeType</Name>
  <Value className="java.lang.String">text/x-conll</Value>
</Feature>
</GateDocumentFeatures>
<!-- The document content area with serialized nodes -->

<TextWithNodes><Node id="0"/> <Node id="1"/>I<Node id="2"/> <Node id="3"/>'ve<Node id="6"/> <Node id="7"/>just<Node id="11"/> <Node id="12"/>watched<Node id="19"/> <Node id="20"/>first<Node id="25"/> <Node id="26"/>four<Node id="30"/> <Node id="31"/>episodes<Node id="39"/> <Node id="40"/>of<Node id="42"/> <Node id="43"/>K-On<Node id="47"/> <Node id="48"/>for<Node id="51"/> <Node id="52"/>the<Node id="55"/> <Node id="56"/>first<Node id="61"/> <Node id="62"/>time<Node id="66"/> <Node id="67"/>!<Node id="68"/> <Node id="69"/>:<Node id="70"/> <Node id="71"/>3<Node id="72"/> <Node id="73"/></TextWithNodes>
<!-- The default annotation set -->

<AnnotationSet>
</AnnotationSet>

<!-- Named annotation set -->

<AnnotationSet Name="Original markups">
<Annotation Id="0" Type="Token" StartNode="0" EndNode="0">
<Feature>
  <Name className="java.lang.String">length</Name>
  <Value className="java.lang.Integer">0</Value>
</Feature>
<Feature>
  <Name className="java.lang.String">string</Name>
  <Value className="java.lang.String"></Value>
</Feature>
</Annotation>
<Annotation Id="1" Type="SpaceToken" StartNode="0" EndNode="1">
<Feature>
  <Name className="java.lang.String">length</Name>
  <Value className="java.lang.Integer">1</Value>
</Feature>
<Feature>
  <Name className="java.lang.String">string</Name>
  <Value className="java.lang.String"> </Value>
</Feature>
</Annotation>
<Annotation Id="2" Type="Token" StartNode="1" EndNode="2">
<Feature>
  <Name className="java.lang.String">length</Name>
  <Value className="java.lang.Integer">1</Value>
</Feature>
<Feature>
  <Name className="java.lang.String">string</Name>
  <Value className="java.lang.String">I</Value>
</Feature>
</Annotation>
<Annotation Id="3" Type="SpaceToken" StartNode="2" EndNode="3">
<Feature>
  <Name className="java.lang.String">length</Name>
  <Value className="java.lang.Integer">1</Value>
</Feature>
<Feature>
  <Name className="java.lang.String">string</Name>
  <Value className="java.lang.String"> </Value>
</Feature>
</Annotation>
<Annotation Id="4" Type="Token" StartNode="3" EndNode="6">
<Feature>
  <Name className="java.lang.String">length</Name>
  <Value className="java.lang.Integer">3</Value>
</Feature>
<Feature>
  <Name className="java.lang.String">string</Name>
  <Value className="java.lang.String">'ve</Value>
</Feature>
</Annotation>
<Annotation Id="5" Type="SpaceToken" StartNode="6" EndNode="7">
<Feature>
  <Name className="java.lang.String">length</Name>
  <Value className="java.lang.Integer">1</Value>
</Feature>
<Feature>
  <Name className="java.lang.String">string</Name>
  <Value className="java.lang.String"> </Value>
</Feature>
</Annotation>
<Annotation Id="6" Type="Token" StartNode="7" EndNode="11">
<Feature>
  <Name className="java.lang.String">length</Name>
  <Value className="java.lang.Integer">4</Value>
</Feature>
<Feature>
  <Name className="java.lang.String">string</Name>
  <Value className="java.lang.String">just</Value>
</Feature>
</Annotation>
<Annotation Id="7" Type="SpaceToken" StartNode="11" EndNode="12">
<Feature>
  <Name className="java.lang.String">length</Name>
  <Value className="java.lang.Integer">1</Value>
</Feature>
<Feature>
  <Name className="java.lang.String">string</Name>
  <Value className="java.lang.String"> </Value>
</Feature>
</Annotation>
<Annotation Id="8" Type="Token" StartNode="12" EndNode="19">
<Feature>
  <Name className="java.lang.String">length</Name>
  <Value className="java.lang.Integer">7</Value>
</Feature>
<Feature>
  <Name className="java.lang.String">string</Name>
  <Value className="java.lang.String">watched</Value>
</Feature>
</Annotation>
<Annotation Id="9" Type="SpaceToken" StartNode="19" EndNode="20">
<Feature>
  <Name className="java.lang.String">length</Name>
  <Value className="java.lang.Integer">1</Value>
</Feature>
<Feature>
  <Name className="java.lang.String">string</Name>
  <Value className="java.lang.String"> </Value>
</Feature>
</Annotation>
<Annotation Id="10" Type="Token" StartNode="20" EndNode="25">
<Feature>
  <Name className="java.lang.String">length</Name>
  <Value className="java.lang.Integer">5</Value>
</Feature>
<Feature>
  <Name className="java.lang.String">string</Name>
  <Value className="java.lang.String">first</Value>
</Feature>
</Annotation>
<Annotation Id="11" Type="SpaceToken" StartNode="25" EndNode="26">
<Feature>
  <Name className="java.lang.String">length</Name>
  <Value className="java.lang.Integer">1</Value>
</Feature>
<Feature>
  <Name className="java.lang.String">string</Name>
  <Value className="java.lang.String"> </Value>
</Feature>
</Annotation>
<Annotation Id="12" Type="Token" StartNode="26" EndNode="30">
<Feature>
  <Name className="java.lang.String">length</Name>
  <Value className="java.lang.Integer">4</Value>
</Feature>
<Feature>
  <Name className="java.lang.String">string</Name>
  <Value className="java.lang.String">four</Value>
</Feature>
</Annotation>
<Annotation Id="13" Type="SpaceToken" StartNode="30" EndNode="31">
<Feature>
  <Name className="java.lang.String">length</Name>
  <Value className="java.lang.Integer">1</Value>
</Feature>
<Feature>
  <Name className="java.lang.String">string</Name>
  <Value className="java.lang.String"> </Value>
</Feature>
</Annotation>
<Annotation Id="14" Type="Token" StartNode="31" EndNode="39">
<Feature>
  <Name className="java.lang.String">length</Name>
  <Value className="java.lang.Integer">8</Value>
</Feature>
<Feature>
  <Name className="java.lang.String">string</Name>
  <Value className="java.lang.String">episodes</Value>
</Feature>
</Annotation>
<Annotation Id="15" Type="SpaceToken" StartNode="39" EndNode="40">
<Feature>
  <Name className="java.lang.String">length</Name>
  <Value className="java.lang.Integer">1</Value>
</Feature>
<Feature>
  <Name className="java.lang.String">string</Name>
  <Value className="java.lang.String"> </Value>
</Feature>
</Annotation>
<Annotation Id="16" Type="Token" StartNode="40" EndNode="42">
<Feature>
  <Name className="java.lang.String">length</Name>
  <Value className="java.lang.Integer">2</Value>
</Feature>
<Feature>
  <Name className="java.lang.String">string</Name>
  <Value className="java.lang.String">of</Value>
</Feature>
</Annotation>
<Annotation Id="17" Type="SpaceToken" StartNode="42" EndNode="43">
<Feature>
  <Name className="java.lang.String">length</Name>
  <Value className="java.lang.Integer">1</Value>
</Feature>
<Feature>
  <Name className="java.lang.String">string</Name>
  <Value className="java.lang.String"> </Value>
</Feature>
</Annotation>
<Annotation Id="18" Type="Token" StartNode="43" EndNode="47">
<Feature>
  <Name className="java.lang.String">length</Name>
  <Value className="java.lang.Integer">4</Value>
</Feature>
<Feature>
  <Name className="java.lang.String">string</Name>
  <Value className="java.lang.String">K-On</Value>
</Feature>
</Annotation>
<Annotation Id="19" Type="SpaceToken" StartNode="47" EndNode="48">
<Feature>
  <Name className="java.lang.String">length</Name>
  <Value className="java.lang.Integer">1</Value>
</Feature>
<Feature>
  <Name className="java.lang.String">string</Name>
  <Value className="java.lang.String"> </Value>
</Feature>
</Annotation>
<Annotation Id="20" Type="Token" StartNode="48" EndNode="51">
<Feature>
  <Name className="java.lang.String">length</Name>
  <Value className="java.lang.Integer">3</Value>
</Feature>
<Feature>
  <Name className="java.lang.String">string</Name>
  <Value className="java.lang.String">for</Value>
</Feature>
</Annotation>
<Annotation Id="21" Type="SpaceToken" StartNode="51" EndNode="52">
<Feature>
  <Name className="java.lang.String">length</Name>
  <Value className="java.lang.Integer">1</Value>
</Feature>
<Feature>
  <Name className="java.lang.String">string</Name>
  <Value className="java.lang.String"> </Value>
</Feature>
</Annotation>
<Annotation Id="22" Type="tvshow" StartNode="43" EndNode="47">
<Feature>
  <Name className="java.lang.String">column</Name>
  <Value className="java.lang.Integer">1</Value>
</Feature>
<Feature>
  <Name className="java.lang.String">kind</Name>
  <Value className="java.lang.String">chunk</Value>
</Feature>
</Annotation>
<Annotation Id="23" Type="Token" StartNode="52" EndNode="55">
<Feature>
  <Name className="java.lang.String">length</Name>
  <Value className="java.lang.Integer">3</Value>
</Feature>
<Feature>
  <Name className="java.lang.String">string</Name>
  <Value className="java.lang.String">the</Value>
</Feature>
</Annotation>
<Annotation Id="24" Type="SpaceToken" StartNode="55" EndNode="56">
<Feature>
  <Name className="java.lang.String">length</Name>
  <Value className="java.lang.Integer">1</Value>
</Feature>
<Feature>
  <Name className="java.lang.String">string</Name>
  <Value className="java.lang.String"> </Value>
</Feature>
</Annotation>
<Annotation Id="25" Type="Token" StartNode="56" EndNode="61">
<Feature>
  <Name className="java.lang.String">length</Name>
  <Value className="java.lang.Integer">5</Value>
</Feature>
<Feature>
  <Name className="java.lang.String">string</Name>
  <Value className="java.lang.String">first</Value>
</Feature>
</Annotation>
<Annotation Id="26" Type="SpaceToken" StartNode="61" EndNode="62">
<Feature>
  <Name className="java.lang.String">length</Name>
  <Value className="java.lang.Integer">1</Value>
</Feature>
<Feature>
  <Name className="java.lang.String">string</Name>
  <Value className="java.lang.String"> </Value>
</Feature>
</Annotation>
<Annotation Id="27" Type="Token" StartNode="62" EndNode="66">
<Feature>
  <Name className="java.lang.String">length</Name>
  <Value className="java.lang.Integer">4</Value>
</Feature>
<Feature>
  <Name className="java.lang.String">string</Name>
  <Value className="java.lang.String">time</Value>
</Feature>
</Annotation>
<Annotation Id="28" Type="SpaceToken" StartNode="66" EndNode="67">
<Feature>
  <Name className="java.lang.String">length</Name>
  <Value className="java.lang.Integer">1</Value>
</Feature>
<Feature>
  <Name className="java.lang.String">string</Name>
  <Value className="java.lang.String"> </Value>
</Feature>
</Annotation>
<Annotation Id="29" Type="Token" StartNode="67" EndNode="68">
<Feature>
  <Name className="java.lang.String">length</Name>
  <Value className="java.lang.Integer">1</Value>
</Feature>
<Feature>
  <Name className="java.lang.String">string</Name>
  <Value className="java.lang.String">!</Value>
</Feature>
</Annotation>
<Annotation Id="30" Type="SpaceToken" StartNode="68" EndNode="69">
<Feature>
  <Name className="java.lang.String">length</Name>
  <Value className="java.lang.Integer">1</Value>
</Feature>
<Feature>
  <Name className="java.lang.String">string</Name>
  <Value className="java.lang.String"> </Value>
</Feature>
</Annotation>
<Annotation Id="31" Type="Token" StartNode="69" EndNode="70">
<Feature>
  <Name className="java.lang.String">length</Name>
  <Value className="java.lang.Integer">1</Value>
</Feature>
<Feature>
  <Name className="java.lang.String">string</Name>
  <Value className="java.lang.String">:</Value>
</Feature>
</Annotation>
<Annotation Id="32" Type="SpaceToken" StartNode="70" EndNode="71">
<Feature>
  <Name className="java.lang.String">length</Name>
  <Value className="java.lang.Integer">1</Value>
</Feature>
<Feature>
  <Name className="java.lang.String">string</Name>
  <Value className="java.lang.String"> </Value>
</Feature>
</Annotation>
<Annotation Id="33" Type="Token" StartNode="71" EndNode="72">
<Feature>
  <Name className="java.lang.String">length</Name>
  <Value className="java.lang.Integer">1</Value>
</Feature>
<Feature>
  <Name className="java.lang.String">string</Name>
  <Value className="java.lang.String">3</Value>
</Feature>
</Annotation>
<Annotation Id="34" Type="SpaceToken" StartNode="72" EndNode="73">
<Feature>
  <Name className="java.lang.String">length</Name>
  <Value className="java.lang.Integer">1</Value>
</Feature>
<Feature>
  <Name className="java.lang.String">string</Name>
  <Value className="java.lang.String"> </Value>
</Feature>
</Annotation>
</AnnotationSet>

<!-- Named annotation set -->

<AnnotationSet Name="Key">
<Annotation Id="139" Type="Mention" StartNode="43" EndNode="47">
<Feature>
  <Name className="java.lang.String">subclass</Name>
  <Value className="java.lang.String">tvshow</Value>
</Feature>
<Feature>
  <Name className="java.lang.String">class</Name>
  <Value className="java.lang.String">Misc</Value>
</Feature>
<Feature>
  <Name className="java.lang.String">inst</Name>
  <Value className="java.lang.String">http://dbpedia.org/resource/K-On!&#x200e;</Value>
</Feature>
</Annotation>
</AnnotationSet>

</GateDocument>
