<?xml version='1.0' encoding='windows-1252'?>
<GateDocument version="3">
<!-- The document's features-->

<GateDocumentFeatures>
<Feature>
  <Name className="java.lang.String">gate.SourceURL</Name>
  <Value className="java.lang.String">file:/home/leon/dev/tal-ner-extended/dataset/cf1/cfjob2-conll/cf2_022.conll</Value>
</Feature>
<Feature>
  <Name className="java.lang.String">lodie.scoring.keyOverlapsOnly</Name>
  <Value className="java.lang.String">true</Value>
</Feature>
<Feature>
  <Name className="java.lang.String">docNewLineType</Name>
  <Value className="java.lang.String">LF</Value>
</Feature>
<Feature>
  <Name className="java.lang.String">deleteNonNNPLookups</Name>
  <Value className="java.lang.String">true</Value>
</Feature>
<Feature>
  <Name className="java.lang.String">lang</Name>
  <Value className="java.lang.String">en</Value>
</Feature>
<Feature>
  <Name className="java.lang.String">run-removeLookups</Name>
  <Value className="java.lang.String">false</Value>
</Feature>
<Feature>
  <Name className="java.lang.String">MimeType</Name>
  <Value className="java.lang.String">text/x-conll</Value>
</Feature>
</GateDocumentFeatures>
<!-- The document content area with serialized nodes -->

<TextWithNodes><Node id="0"/> <Node id="1"/>A<Node id="2"/> <Node id="3"/>week<Node id="7"/> <Node id="8"/>in<Node id="10"/> <Node id="11"/>New<Node id="14"/> <Node id="15"/>Jersey<Node id="21"/> <Node id="22"/>,<Node id="23"/> <Node id="24"/>of<Node id="26"/> <Node id="27"/>all<Node id="30"/> <Node id="31"/>places<Node id="37"/> <Node id="38"/>,<Node id="39"/> <Node id="40"/>and<Node id="43"/> <Node id="44"/>I<Node id="45"/> <Node id="46"/>never<Node id="51"/> <Node id="52"/>want<Node id="56"/> <Node id="57"/>to<Node id="59"/> <Node id="60"/>hear<Node id="64"/> <Node id="65"/>a<Node id="66"/> <Node id="67"/>*Boston*<Node id="75"/> <Node id="76"/>accent<Node id="82"/> <Node id="83"/>again<Node id="88"/> <Node id="89"/>.<Node id="90"/> <Node id="91"/></TextWithNodes>
<!-- The default annotation set -->

<AnnotationSet>
</AnnotationSet>

<!-- Named annotation set -->

<AnnotationSet Name="Original markups">
<Annotation Id="0" Type="Token" StartNode="0" EndNode="0">
<Feature>
  <Name className="java.lang.String">length</Name>
  <Value className="java.lang.Integer">0</Value>
</Feature>
<Feature>
  <Name className="java.lang.String">string</Name>
  <Value className="java.lang.String"></Value>
</Feature>
</Annotation>
<Annotation Id="1" Type="SpaceToken" StartNode="0" EndNode="1">
<Feature>
  <Name className="java.lang.String">length</Name>
  <Value className="java.lang.Integer">1</Value>
</Feature>
<Feature>
  <Name className="java.lang.String">string</Name>
  <Value className="java.lang.String"> </Value>
</Feature>
</Annotation>
<Annotation Id="2" Type="Token" StartNode="1" EndNode="2">
<Feature>
  <Name className="java.lang.String">length</Name>
  <Value className="java.lang.Integer">1</Value>
</Feature>
<Feature>
  <Name className="java.lang.String">string</Name>
  <Value className="java.lang.String">A</Value>
</Feature>
</Annotation>
<Annotation Id="3" Type="SpaceToken" StartNode="2" EndNode="3">
<Feature>
  <Name className="java.lang.String">length</Name>
  <Value className="java.lang.Integer">1</Value>
</Feature>
<Feature>
  <Name className="java.lang.String">string</Name>
  <Value className="java.lang.String"> </Value>
</Feature>
</Annotation>
<Annotation Id="4" Type="Token" StartNode="3" EndNode="7">
<Feature>
  <Name className="java.lang.String">length</Name>
  <Value className="java.lang.Integer">4</Value>
</Feature>
<Feature>
  <Name className="java.lang.String">string</Name>
  <Value className="java.lang.String">week</Value>
</Feature>
</Annotation>
<Annotation Id="5" Type="SpaceToken" StartNode="7" EndNode="8">
<Feature>
  <Name className="java.lang.String">length</Name>
  <Value className="java.lang.Integer">1</Value>
</Feature>
<Feature>
  <Name className="java.lang.String">string</Name>
  <Value className="java.lang.String"> </Value>
</Feature>
</Annotation>
<Annotation Id="6" Type="Token" StartNode="8" EndNode="10">
<Feature>
  <Name className="java.lang.String">length</Name>
  <Value className="java.lang.Integer">2</Value>
</Feature>
<Feature>
  <Name className="java.lang.String">string</Name>
  <Value className="java.lang.String">in</Value>
</Feature>
</Annotation>
<Annotation Id="7" Type="SpaceToken" StartNode="10" EndNode="11">
<Feature>
  <Name className="java.lang.String">length</Name>
  <Value className="java.lang.Integer">1</Value>
</Feature>
<Feature>
  <Name className="java.lang.String">string</Name>
  <Value className="java.lang.String"> </Value>
</Feature>
</Annotation>
<Annotation Id="8" Type="Token" StartNode="11" EndNode="14">
<Feature>
  <Name className="java.lang.String">length</Name>
  <Value className="java.lang.Integer">3</Value>
</Feature>
<Feature>
  <Name className="java.lang.String">string</Name>
  <Value className="java.lang.String">New</Value>
</Feature>
</Annotation>
<Annotation Id="9" Type="SpaceToken" StartNode="14" EndNode="15">
<Feature>
  <Name className="java.lang.String">length</Name>
  <Value className="java.lang.Integer">1</Value>
</Feature>
<Feature>
  <Name className="java.lang.String">string</Name>
  <Value className="java.lang.String"> </Value>
</Feature>
</Annotation>
<Annotation Id="10" Type="Token" StartNode="15" EndNode="21">
<Feature>
  <Name className="java.lang.String">length</Name>
  <Value className="java.lang.Integer">6</Value>
</Feature>
<Feature>
  <Name className="java.lang.String">string</Name>
  <Value className="java.lang.String">Jersey</Value>
</Feature>
</Annotation>
<Annotation Id="11" Type="SpaceToken" StartNode="21" EndNode="22">
<Feature>
  <Name className="java.lang.String">length</Name>
  <Value className="java.lang.Integer">1</Value>
</Feature>
<Feature>
  <Name className="java.lang.String">string</Name>
  <Value className="java.lang.String"> </Value>
</Feature>
</Annotation>
<Annotation Id="12" Type="Token" StartNode="22" EndNode="23">
<Feature>
  <Name className="java.lang.String">length</Name>
  <Value className="java.lang.Integer">1</Value>
</Feature>
<Feature>
  <Name className="java.lang.String">string</Name>
  <Value className="java.lang.String">,</Value>
</Feature>
</Annotation>
<Annotation Id="13" Type="SpaceToken" StartNode="23" EndNode="24">
<Feature>
  <Name className="java.lang.String">length</Name>
  <Value className="java.lang.Integer">1</Value>
</Feature>
<Feature>
  <Name className="java.lang.String">string</Name>
  <Value className="java.lang.String"> </Value>
</Feature>
</Annotation>
<Annotation Id="14" Type="geo-loc" StartNode="11" EndNode="21">
<Feature>
  <Name className="java.lang.String">column</Name>
  <Value className="java.lang.Integer">1</Value>
</Feature>
<Feature>
  <Name className="java.lang.String">kind</Name>
  <Value className="java.lang.String">chunk</Value>
</Feature>
</Annotation>
<Annotation Id="15" Type="Token" StartNode="24" EndNode="26">
<Feature>
  <Name className="java.lang.String">length</Name>
  <Value className="java.lang.Integer">2</Value>
</Feature>
<Feature>
  <Name className="java.lang.String">string</Name>
  <Value className="java.lang.String">of</Value>
</Feature>
</Annotation>
<Annotation Id="16" Type="SpaceToken" StartNode="26" EndNode="27">
<Feature>
  <Name className="java.lang.String">length</Name>
  <Value className="java.lang.Integer">1</Value>
</Feature>
<Feature>
  <Name className="java.lang.String">string</Name>
  <Value className="java.lang.String"> </Value>
</Feature>
</Annotation>
<Annotation Id="17" Type="Token" StartNode="27" EndNode="30">
<Feature>
  <Name className="java.lang.String">length</Name>
  <Value className="java.lang.Integer">3</Value>
</Feature>
<Feature>
  <Name className="java.lang.String">string</Name>
  <Value className="java.lang.String">all</Value>
</Feature>
</Annotation>
<Annotation Id="18" Type="SpaceToken" StartNode="30" EndNode="31">
<Feature>
  <Name className="java.lang.String">length</Name>
  <Value className="java.lang.Integer">1</Value>
</Feature>
<Feature>
  <Name className="java.lang.String">string</Name>
  <Value className="java.lang.String"> </Value>
</Feature>
</Annotation>
<Annotation Id="19" Type="Token" StartNode="31" EndNode="37">
<Feature>
  <Name className="java.lang.String">length</Name>
  <Value className="java.lang.Integer">6</Value>
</Feature>
<Feature>
  <Name className="java.lang.String">string</Name>
  <Value className="java.lang.String">places</Value>
</Feature>
</Annotation>
<Annotation Id="20" Type="SpaceToken" StartNode="37" EndNode="38">
<Feature>
  <Name className="java.lang.String">length</Name>
  <Value className="java.lang.Integer">1</Value>
</Feature>
<Feature>
  <Name className="java.lang.String">string</Name>
  <Value className="java.lang.String"> </Value>
</Feature>
</Annotation>
<Annotation Id="21" Type="Token" StartNode="38" EndNode="39">
<Feature>
  <Name className="java.lang.String">length</Name>
  <Value className="java.lang.Integer">1</Value>
</Feature>
<Feature>
  <Name className="java.lang.String">string</Name>
  <Value className="java.lang.String">,</Value>
</Feature>
</Annotation>
<Annotation Id="22" Type="SpaceToken" StartNode="39" EndNode="40">
<Feature>
  <Name className="java.lang.String">length</Name>
  <Value className="java.lang.Integer">1</Value>
</Feature>
<Feature>
  <Name className="java.lang.String">string</Name>
  <Value className="java.lang.String"> </Value>
</Feature>
</Annotation>
<Annotation Id="23" Type="Token" StartNode="40" EndNode="43">
<Feature>
  <Name className="java.lang.String">length</Name>
  <Value className="java.lang.Integer">3</Value>
</Feature>
<Feature>
  <Name className="java.lang.String">string</Name>
  <Value className="java.lang.String">and</Value>
</Feature>
</Annotation>
<Annotation Id="24" Type="SpaceToken" StartNode="43" EndNode="44">
<Feature>
  <Name className="java.lang.String">length</Name>
  <Value className="java.lang.Integer">1</Value>
</Feature>
<Feature>
  <Name className="java.lang.String">string</Name>
  <Value className="java.lang.String"> </Value>
</Feature>
</Annotation>
<Annotation Id="25" Type="Token" StartNode="44" EndNode="45">
<Feature>
  <Name className="java.lang.String">length</Name>
  <Value className="java.lang.Integer">1</Value>
</Feature>
<Feature>
  <Name className="java.lang.String">string</Name>
  <Value className="java.lang.String">I</Value>
</Feature>
</Annotation>
<Annotation Id="26" Type="SpaceToken" StartNode="45" EndNode="46">
<Feature>
  <Name className="java.lang.String">length</Name>
  <Value className="java.lang.Integer">1</Value>
</Feature>
<Feature>
  <Name className="java.lang.String">string</Name>
  <Value className="java.lang.String"> </Value>
</Feature>
</Annotation>
<Annotation Id="27" Type="Token" StartNode="46" EndNode="51">
<Feature>
  <Name className="java.lang.String">length</Name>
  <Value className="java.lang.Integer">5</Value>
</Feature>
<Feature>
  <Name className="java.lang.String">string</Name>
  <Value className="java.lang.String">never</Value>
</Feature>
</Annotation>
<Annotation Id="28" Type="SpaceToken" StartNode="51" EndNode="52">
<Feature>
  <Name className="java.lang.String">length</Name>
  <Value className="java.lang.Integer">1</Value>
</Feature>
<Feature>
  <Name className="java.lang.String">string</Name>
  <Value className="java.lang.String"> </Value>
</Feature>
</Annotation>
<Annotation Id="29" Type="Token" StartNode="52" EndNode="56">
<Feature>
  <Name className="java.lang.String">length</Name>
  <Value className="java.lang.Integer">4</Value>
</Feature>
<Feature>
  <Name className="java.lang.String">string</Name>
  <Value className="java.lang.String">want</Value>
</Feature>
</Annotation>
<Annotation Id="30" Type="SpaceToken" StartNode="56" EndNode="57">
<Feature>
  <Name className="java.lang.String">length</Name>
  <Value className="java.lang.Integer">1</Value>
</Feature>
<Feature>
  <Name className="java.lang.String">string</Name>
  <Value className="java.lang.String"> </Value>
</Feature>
</Annotation>
<Annotation Id="31" Type="Token" StartNode="57" EndNode="59">
<Feature>
  <Name className="java.lang.String">length</Name>
  <Value className="java.lang.Integer">2</Value>
</Feature>
<Feature>
  <Name className="java.lang.String">string</Name>
  <Value className="java.lang.String">to</Value>
</Feature>
</Annotation>
<Annotation Id="32" Type="SpaceToken" StartNode="59" EndNode="60">
<Feature>
  <Name className="java.lang.String">length</Name>
  <Value className="java.lang.Integer">1</Value>
</Feature>
<Feature>
  <Name className="java.lang.String">string</Name>
  <Value className="java.lang.String"> </Value>
</Feature>
</Annotation>
<Annotation Id="33" Type="Token" StartNode="60" EndNode="64">
<Feature>
  <Name className="java.lang.String">length</Name>
  <Value className="java.lang.Integer">4</Value>
</Feature>
<Feature>
  <Name className="java.lang.String">string</Name>
  <Value className="java.lang.String">hear</Value>
</Feature>
</Annotation>
<Annotation Id="34" Type="SpaceToken" StartNode="64" EndNode="65">
<Feature>
  <Name className="java.lang.String">length</Name>
  <Value className="java.lang.Integer">1</Value>
</Feature>
<Feature>
  <Name className="java.lang.String">string</Name>
  <Value className="java.lang.String"> </Value>
</Feature>
</Annotation>
<Annotation Id="35" Type="Token" StartNode="65" EndNode="66">
<Feature>
  <Name className="java.lang.String">length</Name>
  <Value className="java.lang.Integer">1</Value>
</Feature>
<Feature>
  <Name className="java.lang.String">string</Name>
  <Value className="java.lang.String">a</Value>
</Feature>
</Annotation>
<Annotation Id="36" Type="SpaceToken" StartNode="66" EndNode="67">
<Feature>
  <Name className="java.lang.String">length</Name>
  <Value className="java.lang.Integer">1</Value>
</Feature>
<Feature>
  <Name className="java.lang.String">string</Name>
  <Value className="java.lang.String"> </Value>
</Feature>
</Annotation>
<Annotation Id="37" Type="Token" StartNode="67" EndNode="75">
<Feature>
  <Name className="java.lang.String">length</Name>
  <Value className="java.lang.Integer">8</Value>
</Feature>
<Feature>
  <Name className="java.lang.String">string</Name>
  <Value className="java.lang.String">*Boston*</Value>
</Feature>
</Annotation>
<Annotation Id="38" Type="SpaceToken" StartNode="75" EndNode="76">
<Feature>
  <Name className="java.lang.String">length</Name>
  <Value className="java.lang.Integer">1</Value>
</Feature>
<Feature>
  <Name className="java.lang.String">string</Name>
  <Value className="java.lang.String"> </Value>
</Feature>
</Annotation>
<Annotation Id="39" Type="Token" StartNode="76" EndNode="82">
<Feature>
  <Name className="java.lang.String">length</Name>
  <Value className="java.lang.Integer">6</Value>
</Feature>
<Feature>
  <Name className="java.lang.String">string</Name>
  <Value className="java.lang.String">accent</Value>
</Feature>
</Annotation>
<Annotation Id="40" Type="SpaceToken" StartNode="82" EndNode="83">
<Feature>
  <Name className="java.lang.String">length</Name>
  <Value className="java.lang.Integer">1</Value>
</Feature>
<Feature>
  <Name className="java.lang.String">string</Name>
  <Value className="java.lang.String"> </Value>
</Feature>
</Annotation>
<Annotation Id="41" Type="geo-loc" StartNode="67" EndNode="75">
<Feature>
  <Name className="java.lang.String">column</Name>
  <Value className="java.lang.Integer">1</Value>
</Feature>
<Feature>
  <Name className="java.lang.String">kind</Name>
  <Value className="java.lang.String">chunk</Value>
</Feature>
</Annotation>
<Annotation Id="42" Type="Token" StartNode="83" EndNode="88">
<Feature>
  <Name className="java.lang.String">length</Name>
  <Value className="java.lang.Integer">5</Value>
</Feature>
<Feature>
  <Name className="java.lang.String">string</Name>
  <Value className="java.lang.String">again</Value>
</Feature>
</Annotation>
<Annotation Id="43" Type="SpaceToken" StartNode="88" EndNode="89">
<Feature>
  <Name className="java.lang.String">length</Name>
  <Value className="java.lang.Integer">1</Value>
</Feature>
<Feature>
  <Name className="java.lang.String">string</Name>
  <Value className="java.lang.String"> </Value>
</Feature>
</Annotation>
<Annotation Id="44" Type="Token" StartNode="89" EndNode="90">
<Feature>
  <Name className="java.lang.String">length</Name>
  <Value className="java.lang.Integer">1</Value>
</Feature>
<Feature>
  <Name className="java.lang.String">string</Name>
  <Value className="java.lang.String">.</Value>
</Feature>
</Annotation>
<Annotation Id="45" Type="SpaceToken" StartNode="90" EndNode="91">
<Feature>
  <Name className="java.lang.String">length</Name>
  <Value className="java.lang.Integer">1</Value>
</Feature>
<Feature>
  <Name className="java.lang.String">string</Name>
  <Value className="java.lang.String"> </Value>
</Feature>
</Annotation>
</AnnotationSet>

<!-- Named annotation set -->

<AnnotationSet Name="Key">
<Annotation Id="558" Type="Mention" StartNode="11" EndNode="21">
<Feature>
  <Name className="java.lang.String">subclass</Name>
  <Value className="java.lang.String">geo-loc</Value>
</Feature>
<Feature>
  <Name className="java.lang.String">class</Name>
  <Value className="java.lang.String">Location</Value>
</Feature>
<Feature>
  <Name className="java.lang.String">inst</Name>
  <Value className="java.lang.String">http://dbpedia.org/resource/New_Jersey</Value>
</Feature>
</Annotation>
<Annotation Id="559" Type="Mention" StartNode="67" EndNode="75">
<Feature>
  <Name className="java.lang.String">subclass</Name>
  <Value className="java.lang.String">geo-loc</Value>
</Feature>
<Feature>
  <Name className="java.lang.String">class</Name>
  <Value className="java.lang.String">Location</Value>
</Feature>
<Feature>
  <Name className="java.lang.String">inst</Name>
  <Value className="java.lang.String">http://dbpedia.org/resource/Boston</Value>
</Feature>
</Annotation>
</AnnotationSet>

</GateDocument>
