<?xml version='1.0' encoding='windows-1252'?>
<GateDocument version="3">
<!-- The document's features-->

<GateDocumentFeatures>
<Feature>
  <Name className="java.lang.String">gate.SourceURL</Name>
  <Value className="java.lang.String">file:/home/leon/dev/tal-ner-extended/dataset/cf1/cfjob2-conll/cf2_081.conll</Value>
</Feature>
<Feature>
  <Name className="java.lang.String">lodie.scoring.keyOverlapsOnly</Name>
  <Value className="java.lang.String">true</Value>
</Feature>
<Feature>
  <Name className="java.lang.String">docNewLineType</Name>
  <Value className="java.lang.String">LF</Value>
</Feature>
<Feature>
  <Name className="java.lang.String">deleteNonNNPLookups</Name>
  <Value className="java.lang.String">true</Value>
</Feature>
<Feature>
  <Name className="java.lang.String">lang</Name>
  <Value className="java.lang.String">en</Value>
</Feature>
<Feature>
  <Name className="java.lang.String">run-removeLookups</Name>
  <Value className="java.lang.String">false</Value>
</Feature>
<Feature>
  <Name className="java.lang.String">MimeType</Name>
  <Value className="java.lang.String">text/x-conll</Value>
</Feature>
</GateDocumentFeatures>
<!-- The document content area with serialized nodes -->

<TextWithNodes><Node id="0"/> <Node id="1"/>I<Node id="2"/> <Node id="3"/>liked<Node id="8"/> <Node id="9"/>a<Node id="10"/> <Node id="11"/>YouTube<Node id="18"/> <Node id="19"/>video<Node id="24"/> <Node id="25"/>--<Node id="27"/> <Node id="28"/>Family<Node id="34"/> <Node id="35"/>Guy<Node id="38"/> <Node id="39"/>-<Node id="40"/> <Node id="41"/>Songs<Node id="46"/> <Node id="47"/>Named<Node id="52"/> <Node id="53"/>After<Node id="58"/> <Node id="59"/>a<Node id="60"/> <Node id="61"/>Girl<Node id="65"/> <Node id="66"/>http://youtu.be/ErPsx8zdnX4?a<Node id="95"/> <Node id="96"/></TextWithNodes>
<!-- The default annotation set -->

<AnnotationSet>
</AnnotationSet>

<!-- Named annotation set -->

<AnnotationSet Name="Original markups">
<Annotation Id="0" Type="Token" StartNode="0" EndNode="0">
<Feature>
  <Name className="java.lang.String">length</Name>
  <Value className="java.lang.Integer">0</Value>
</Feature>
<Feature>
  <Name className="java.lang.String">string</Name>
  <Value className="java.lang.String"></Value>
</Feature>
</Annotation>
<Annotation Id="1" Type="SpaceToken" StartNode="0" EndNode="1">
<Feature>
  <Name className="java.lang.String">length</Name>
  <Value className="java.lang.Integer">1</Value>
</Feature>
<Feature>
  <Name className="java.lang.String">string</Name>
  <Value className="java.lang.String"> </Value>
</Feature>
</Annotation>
<Annotation Id="2" Type="Token" StartNode="1" EndNode="2">
<Feature>
  <Name className="java.lang.String">length</Name>
  <Value className="java.lang.Integer">1</Value>
</Feature>
<Feature>
  <Name className="java.lang.String">string</Name>
  <Value className="java.lang.String">I</Value>
</Feature>
</Annotation>
<Annotation Id="3" Type="SpaceToken" StartNode="2" EndNode="3">
<Feature>
  <Name className="java.lang.String">length</Name>
  <Value className="java.lang.Integer">1</Value>
</Feature>
<Feature>
  <Name className="java.lang.String">string</Name>
  <Value className="java.lang.String"> </Value>
</Feature>
</Annotation>
<Annotation Id="4" Type="Token" StartNode="3" EndNode="8">
<Feature>
  <Name className="java.lang.String">length</Name>
  <Value className="java.lang.Integer">5</Value>
</Feature>
<Feature>
  <Name className="java.lang.String">string</Name>
  <Value className="java.lang.String">liked</Value>
</Feature>
</Annotation>
<Annotation Id="5" Type="SpaceToken" StartNode="8" EndNode="9">
<Feature>
  <Name className="java.lang.String">length</Name>
  <Value className="java.lang.Integer">1</Value>
</Feature>
<Feature>
  <Name className="java.lang.String">string</Name>
  <Value className="java.lang.String"> </Value>
</Feature>
</Annotation>
<Annotation Id="6" Type="Token" StartNode="9" EndNode="10">
<Feature>
  <Name className="java.lang.String">length</Name>
  <Value className="java.lang.Integer">1</Value>
</Feature>
<Feature>
  <Name className="java.lang.String">string</Name>
  <Value className="java.lang.String">a</Value>
</Feature>
</Annotation>
<Annotation Id="7" Type="SpaceToken" StartNode="10" EndNode="11">
<Feature>
  <Name className="java.lang.String">length</Name>
  <Value className="java.lang.Integer">1</Value>
</Feature>
<Feature>
  <Name className="java.lang.String">string</Name>
  <Value className="java.lang.String"> </Value>
</Feature>
</Annotation>
<Annotation Id="8" Type="Token" StartNode="11" EndNode="18">
<Feature>
  <Name className="java.lang.String">length</Name>
  <Value className="java.lang.Integer">7</Value>
</Feature>
<Feature>
  <Name className="java.lang.String">string</Name>
  <Value className="java.lang.String">YouTube</Value>
</Feature>
</Annotation>
<Annotation Id="9" Type="SpaceToken" StartNode="18" EndNode="19">
<Feature>
  <Name className="java.lang.String">length</Name>
  <Value className="java.lang.Integer">1</Value>
</Feature>
<Feature>
  <Name className="java.lang.String">string</Name>
  <Value className="java.lang.String"> </Value>
</Feature>
</Annotation>
<Annotation Id="10" Type="Token" StartNode="19" EndNode="24">
<Feature>
  <Name className="java.lang.String">length</Name>
  <Value className="java.lang.Integer">5</Value>
</Feature>
<Feature>
  <Name className="java.lang.String">string</Name>
  <Value className="java.lang.String">video</Value>
</Feature>
</Annotation>
<Annotation Id="11" Type="SpaceToken" StartNode="24" EndNode="25">
<Feature>
  <Name className="java.lang.String">length</Name>
  <Value className="java.lang.Integer">1</Value>
</Feature>
<Feature>
  <Name className="java.lang.String">string</Name>
  <Value className="java.lang.String"> </Value>
</Feature>
</Annotation>
<Annotation Id="12" Type="company" StartNode="11" EndNode="18">
<Feature>
  <Name className="java.lang.String">column</Name>
  <Value className="java.lang.Integer">1</Value>
</Feature>
<Feature>
  <Name className="java.lang.String">kind</Name>
  <Value className="java.lang.String">chunk</Value>
</Feature>
</Annotation>
<Annotation Id="13" Type="Token" StartNode="25" EndNode="27">
<Feature>
  <Name className="java.lang.String">length</Name>
  <Value className="java.lang.Integer">2</Value>
</Feature>
<Feature>
  <Name className="java.lang.String">string</Name>
  <Value className="java.lang.String">--</Value>
</Feature>
</Annotation>
<Annotation Id="14" Type="SpaceToken" StartNode="27" EndNode="28">
<Feature>
  <Name className="java.lang.String">length</Name>
  <Value className="java.lang.Integer">1</Value>
</Feature>
<Feature>
  <Name className="java.lang.String">string</Name>
  <Value className="java.lang.String"> </Value>
</Feature>
</Annotation>
<Annotation Id="15" Type="Token" StartNode="28" EndNode="34">
<Feature>
  <Name className="java.lang.String">length</Name>
  <Value className="java.lang.Integer">6</Value>
</Feature>
<Feature>
  <Name className="java.lang.String">string</Name>
  <Value className="java.lang.String">Family</Value>
</Feature>
</Annotation>
<Annotation Id="16" Type="SpaceToken" StartNode="34" EndNode="35">
<Feature>
  <Name className="java.lang.String">length</Name>
  <Value className="java.lang.Integer">1</Value>
</Feature>
<Feature>
  <Name className="java.lang.String">string</Name>
  <Value className="java.lang.String"> </Value>
</Feature>
</Annotation>
<Annotation Id="17" Type="Token" StartNode="35" EndNode="38">
<Feature>
  <Name className="java.lang.String">length</Name>
  <Value className="java.lang.Integer">3</Value>
</Feature>
<Feature>
  <Name className="java.lang.String">string</Name>
  <Value className="java.lang.String">Guy</Value>
</Feature>
</Annotation>
<Annotation Id="18" Type="SpaceToken" StartNode="38" EndNode="39">
<Feature>
  <Name className="java.lang.String">length</Name>
  <Value className="java.lang.Integer">1</Value>
</Feature>
<Feature>
  <Name className="java.lang.String">string</Name>
  <Value className="java.lang.String"> </Value>
</Feature>
</Annotation>
<Annotation Id="19" Type="Token" StartNode="39" EndNode="40">
<Feature>
  <Name className="java.lang.String">length</Name>
  <Value className="java.lang.Integer">1</Value>
</Feature>
<Feature>
  <Name className="java.lang.String">string</Name>
  <Value className="java.lang.String">-</Value>
</Feature>
</Annotation>
<Annotation Id="20" Type="SpaceToken" StartNode="40" EndNode="41">
<Feature>
  <Name className="java.lang.String">length</Name>
  <Value className="java.lang.Integer">1</Value>
</Feature>
<Feature>
  <Name className="java.lang.String">string</Name>
  <Value className="java.lang.String"> </Value>
</Feature>
</Annotation>
<Annotation Id="21" Type="tvshow" StartNode="28" EndNode="38">
<Feature>
  <Name className="java.lang.String">column</Name>
  <Value className="java.lang.Integer">1</Value>
</Feature>
<Feature>
  <Name className="java.lang.String">kind</Name>
  <Value className="java.lang.String">chunk</Value>
</Feature>
</Annotation>
<Annotation Id="22" Type="Token" StartNode="41" EndNode="46">
<Feature>
  <Name className="java.lang.String">length</Name>
  <Value className="java.lang.Integer">5</Value>
</Feature>
<Feature>
  <Name className="java.lang.String">string</Name>
  <Value className="java.lang.String">Songs</Value>
</Feature>
</Annotation>
<Annotation Id="23" Type="SpaceToken" StartNode="46" EndNode="47">
<Feature>
  <Name className="java.lang.String">length</Name>
  <Value className="java.lang.Integer">1</Value>
</Feature>
<Feature>
  <Name className="java.lang.String">string</Name>
  <Value className="java.lang.String"> </Value>
</Feature>
</Annotation>
<Annotation Id="24" Type="Token" StartNode="47" EndNode="52">
<Feature>
  <Name className="java.lang.String">length</Name>
  <Value className="java.lang.Integer">5</Value>
</Feature>
<Feature>
  <Name className="java.lang.String">string</Name>
  <Value className="java.lang.String">Named</Value>
</Feature>
</Annotation>
<Annotation Id="25" Type="SpaceToken" StartNode="52" EndNode="53">
<Feature>
  <Name className="java.lang.String">length</Name>
  <Value className="java.lang.Integer">1</Value>
</Feature>
<Feature>
  <Name className="java.lang.String">string</Name>
  <Value className="java.lang.String"> </Value>
</Feature>
</Annotation>
<Annotation Id="26" Type="Token" StartNode="53" EndNode="58">
<Feature>
  <Name className="java.lang.String">length</Name>
  <Value className="java.lang.Integer">5</Value>
</Feature>
<Feature>
  <Name className="java.lang.String">string</Name>
  <Value className="java.lang.String">After</Value>
</Feature>
</Annotation>
<Annotation Id="27" Type="SpaceToken" StartNode="58" EndNode="59">
<Feature>
  <Name className="java.lang.String">length</Name>
  <Value className="java.lang.Integer">1</Value>
</Feature>
<Feature>
  <Name className="java.lang.String">string</Name>
  <Value className="java.lang.String"> </Value>
</Feature>
</Annotation>
<Annotation Id="28" Type="Token" StartNode="59" EndNode="60">
<Feature>
  <Name className="java.lang.String">length</Name>
  <Value className="java.lang.Integer">1</Value>
</Feature>
<Feature>
  <Name className="java.lang.String">string</Name>
  <Value className="java.lang.String">a</Value>
</Feature>
</Annotation>
<Annotation Id="29" Type="SpaceToken" StartNode="60" EndNode="61">
<Feature>
  <Name className="java.lang.String">length</Name>
  <Value className="java.lang.Integer">1</Value>
</Feature>
<Feature>
  <Name className="java.lang.String">string</Name>
  <Value className="java.lang.String"> </Value>
</Feature>
</Annotation>
<Annotation Id="30" Type="Token" StartNode="61" EndNode="65">
<Feature>
  <Name className="java.lang.String">length</Name>
  <Value className="java.lang.Integer">4</Value>
</Feature>
<Feature>
  <Name className="java.lang.String">string</Name>
  <Value className="java.lang.String">Girl</Value>
</Feature>
</Annotation>
<Annotation Id="31" Type="SpaceToken" StartNode="65" EndNode="66">
<Feature>
  <Name className="java.lang.String">length</Name>
  <Value className="java.lang.Integer">1</Value>
</Feature>
<Feature>
  <Name className="java.lang.String">string</Name>
  <Value className="java.lang.String"> </Value>
</Feature>
</Annotation>
<Annotation Id="32" Type="Token" StartNode="66" EndNode="95">
<Feature>
  <Name className="java.lang.String">length</Name>
  <Value className="java.lang.Integer">29</Value>
</Feature>
<Feature>
  <Name className="java.lang.String">string</Name>
  <Value className="java.lang.String">http://youtu.be/ErPsx8zdnX4?a</Value>
</Feature>
</Annotation>
<Annotation Id="33" Type="SpaceToken" StartNode="95" EndNode="96">
<Feature>
  <Name className="java.lang.String">length</Name>
  <Value className="java.lang.Integer">1</Value>
</Feature>
<Feature>
  <Name className="java.lang.String">string</Name>
  <Value className="java.lang.String"> </Value>
</Feature>
</Annotation>
</AnnotationSet>

<!-- Named annotation set -->

<AnnotationSet Name="Key">
<Annotation Id="1862" Type="Mention" StartNode="11" EndNode="18">
<Feature>
  <Name className="java.lang.String">subclass</Name>
  <Value className="java.lang.String">company</Value>
</Feature>
<Feature>
  <Name className="java.lang.String">class</Name>
  <Value className="java.lang.String">Organization</Value>
</Feature>
<Feature>
  <Name className="java.lang.String">inst</Name>
  <Value className="java.lang.String">http://dbpedia.org/resource/YouTube</Value>
</Feature>
</Annotation>
<Annotation Id="1863" Type="Mention" StartNode="28" EndNode="38">
<Feature>
  <Name className="java.lang.String">subclass</Name>
  <Value className="java.lang.String">tvshow</Value>
</Feature>
<Feature>
  <Name className="java.lang.String">class</Name>
  <Value className="java.lang.String">Misc</Value>
</Feature>
<Feature>
  <Name className="java.lang.String">inst</Name>
  <Value className="java.lang.String">http://dbpedia.org/resource/Family_Guy</Value>
</Feature>
</Annotation>
</AnnotationSet>

</GateDocument>
