<?xml version='1.0' encoding='windows-1252'?>
<GateDocument version="3">
<!-- The document's features-->

<GateDocumentFeatures>
<Feature>
  <Name className="java.lang.String">gate.SourceURL</Name>
  <Value className="java.lang.String">file:/home/leon/dev/tal-ner-extended/dataset/cf1/cfjob2-conll/cf2_021.conll</Value>
</Feature>
<Feature>
  <Name className="java.lang.String">lodie.scoring.keyOverlapsOnly</Name>
  <Value className="java.lang.String">true</Value>
</Feature>
<Feature>
  <Name className="java.lang.String">docNewLineType</Name>
  <Value className="java.lang.String">LF</Value>
</Feature>
<Feature>
  <Name className="java.lang.String">deleteNonNNPLookups</Name>
  <Value className="java.lang.String">true</Value>
</Feature>
<Feature>
  <Name className="java.lang.String">lang</Name>
  <Value className="java.lang.String">en</Value>
</Feature>
<Feature>
  <Name className="java.lang.String">run-removeLookups</Name>
  <Value className="java.lang.String">false</Value>
</Feature>
<Feature>
  <Name className="java.lang.String">MimeType</Name>
  <Value className="java.lang.String">text/x-conll</Value>
</Feature>
</GateDocumentFeatures>
<!-- The document content area with serialized nodes -->

<TextWithNodes><Node id="0"/> <Node id="1"/>At<Node id="3"/> <Node id="4"/>7pm<Node id="7"/> <Node id="8"/>we'll<Node id="13"/> <Node id="14"/>show<Node id="18"/> <Node id="19"/>the<Node id="22"/> <Node id="23"/>Awarded<Node id="30"/> <Node id="31"/>movie<Node id="36"/> <Node id="37"/>"<Node id="38"/> <Node id="39"/>Agora<Node id="44"/> <Node id="45"/>"<Node id="46"/> <Node id="47"/>by<Node id="49"/> <Node id="50"/>Spanish<Node id="57"/> <Node id="58"/>director<Node id="66"/> <Node id="67"/>Alex<Node id="71"/> <Node id="72"/>Amenabar<Node id="80"/> <Node id="81"/>who<Node id="84"/> <Node id="85"/>directed<Node id="93"/> <Node id="94"/>"<Node id="95"/> <Node id="96"/>Mar<Node id="99"/> <Node id="100"/>Adentro<Node id="107"/> <Node id="108"/>"<Node id="109"/> <Node id="110"/>(<Node id="111"/> <Node id="112"/>"<Node id="113"/> <Node id="114"/>The<Node id="117"/> <Node id="118"/>Sea<Node id="121"/> <Node id="122"/>Inside<Node id="128"/> <Node id="129"/>"<Node id="130"/> <Node id="131"/>)<Node id="132"/> <Node id="133"/>.<Node id="134"/> <Node id="135"/>W/Rachel<Node id="143"/> <Node id="144"/>Weisz<Node id="149"/> <Node id="150"/>.<Node id="151"/> <Node id="152"/></TextWithNodes>
<!-- The default annotation set -->

<AnnotationSet>
</AnnotationSet>

<!-- Named annotation set -->

<AnnotationSet Name="Original markups">
<Annotation Id="0" Type="Token" StartNode="0" EndNode="0">
<Feature>
  <Name className="java.lang.String">length</Name>
  <Value className="java.lang.Integer">0</Value>
</Feature>
<Feature>
  <Name className="java.lang.String">string</Name>
  <Value className="java.lang.String"></Value>
</Feature>
</Annotation>
<Annotation Id="1" Type="SpaceToken" StartNode="0" EndNode="1">
<Feature>
  <Name className="java.lang.String">length</Name>
  <Value className="java.lang.Integer">1</Value>
</Feature>
<Feature>
  <Name className="java.lang.String">string</Name>
  <Value className="java.lang.String"> </Value>
</Feature>
</Annotation>
<Annotation Id="2" Type="Token" StartNode="1" EndNode="3">
<Feature>
  <Name className="java.lang.String">length</Name>
  <Value className="java.lang.Integer">2</Value>
</Feature>
<Feature>
  <Name className="java.lang.String">string</Name>
  <Value className="java.lang.String">At</Value>
</Feature>
</Annotation>
<Annotation Id="3" Type="SpaceToken" StartNode="3" EndNode="4">
<Feature>
  <Name className="java.lang.String">length</Name>
  <Value className="java.lang.Integer">1</Value>
</Feature>
<Feature>
  <Name className="java.lang.String">string</Name>
  <Value className="java.lang.String"> </Value>
</Feature>
</Annotation>
<Annotation Id="4" Type="Token" StartNode="4" EndNode="7">
<Feature>
  <Name className="java.lang.String">length</Name>
  <Value className="java.lang.Integer">3</Value>
</Feature>
<Feature>
  <Name className="java.lang.String">string</Name>
  <Value className="java.lang.String">7pm</Value>
</Feature>
</Annotation>
<Annotation Id="5" Type="SpaceToken" StartNode="7" EndNode="8">
<Feature>
  <Name className="java.lang.String">length</Name>
  <Value className="java.lang.Integer">1</Value>
</Feature>
<Feature>
  <Name className="java.lang.String">string</Name>
  <Value className="java.lang.String"> </Value>
</Feature>
</Annotation>
<Annotation Id="6" Type="Token" StartNode="8" EndNode="13">
<Feature>
  <Name className="java.lang.String">length</Name>
  <Value className="java.lang.Integer">5</Value>
</Feature>
<Feature>
  <Name className="java.lang.String">string</Name>
  <Value className="java.lang.String">we'll</Value>
</Feature>
</Annotation>
<Annotation Id="7" Type="SpaceToken" StartNode="13" EndNode="14">
<Feature>
  <Name className="java.lang.String">length</Name>
  <Value className="java.lang.Integer">1</Value>
</Feature>
<Feature>
  <Name className="java.lang.String">string</Name>
  <Value className="java.lang.String"> </Value>
</Feature>
</Annotation>
<Annotation Id="8" Type="Token" StartNode="14" EndNode="18">
<Feature>
  <Name className="java.lang.String">length</Name>
  <Value className="java.lang.Integer">4</Value>
</Feature>
<Feature>
  <Name className="java.lang.String">string</Name>
  <Value className="java.lang.String">show</Value>
</Feature>
</Annotation>
<Annotation Id="9" Type="SpaceToken" StartNode="18" EndNode="19">
<Feature>
  <Name className="java.lang.String">length</Name>
  <Value className="java.lang.Integer">1</Value>
</Feature>
<Feature>
  <Name className="java.lang.String">string</Name>
  <Value className="java.lang.String"> </Value>
</Feature>
</Annotation>
<Annotation Id="10" Type="Token" StartNode="19" EndNode="22">
<Feature>
  <Name className="java.lang.String">length</Name>
  <Value className="java.lang.Integer">3</Value>
</Feature>
<Feature>
  <Name className="java.lang.String">string</Name>
  <Value className="java.lang.String">the</Value>
</Feature>
</Annotation>
<Annotation Id="11" Type="SpaceToken" StartNode="22" EndNode="23">
<Feature>
  <Name className="java.lang.String">length</Name>
  <Value className="java.lang.Integer">1</Value>
</Feature>
<Feature>
  <Name className="java.lang.String">string</Name>
  <Value className="java.lang.String"> </Value>
</Feature>
</Annotation>
<Annotation Id="12" Type="Token" StartNode="23" EndNode="30">
<Feature>
  <Name className="java.lang.String">length</Name>
  <Value className="java.lang.Integer">7</Value>
</Feature>
<Feature>
  <Name className="java.lang.String">string</Name>
  <Value className="java.lang.String">Awarded</Value>
</Feature>
</Annotation>
<Annotation Id="13" Type="SpaceToken" StartNode="30" EndNode="31">
<Feature>
  <Name className="java.lang.String">length</Name>
  <Value className="java.lang.Integer">1</Value>
</Feature>
<Feature>
  <Name className="java.lang.String">string</Name>
  <Value className="java.lang.String"> </Value>
</Feature>
</Annotation>
<Annotation Id="14" Type="Token" StartNode="31" EndNode="36">
<Feature>
  <Name className="java.lang.String">length</Name>
  <Value className="java.lang.Integer">5</Value>
</Feature>
<Feature>
  <Name className="java.lang.String">string</Name>
  <Value className="java.lang.String">movie</Value>
</Feature>
</Annotation>
<Annotation Id="15" Type="SpaceToken" StartNode="36" EndNode="37">
<Feature>
  <Name className="java.lang.String">length</Name>
  <Value className="java.lang.Integer">1</Value>
</Feature>
<Feature>
  <Name className="java.lang.String">string</Name>
  <Value className="java.lang.String"> </Value>
</Feature>
</Annotation>
<Annotation Id="16" Type="Token" StartNode="37" EndNode="38">
<Feature>
  <Name className="java.lang.String">length</Name>
  <Value className="java.lang.Integer">1</Value>
</Feature>
<Feature>
  <Name className="java.lang.String">string</Name>
  <Value className="java.lang.String">"</Value>
</Feature>
</Annotation>
<Annotation Id="17" Type="SpaceToken" StartNode="38" EndNode="39">
<Feature>
  <Name className="java.lang.String">length</Name>
  <Value className="java.lang.Integer">1</Value>
</Feature>
<Feature>
  <Name className="java.lang.String">string</Name>
  <Value className="java.lang.String"> </Value>
</Feature>
</Annotation>
<Annotation Id="18" Type="Token" StartNode="39" EndNode="44">
<Feature>
  <Name className="java.lang.String">length</Name>
  <Value className="java.lang.Integer">5</Value>
</Feature>
<Feature>
  <Name className="java.lang.String">string</Name>
  <Value className="java.lang.String">Agora</Value>
</Feature>
</Annotation>
<Annotation Id="19" Type="SpaceToken" StartNode="44" EndNode="45">
<Feature>
  <Name className="java.lang.String">length</Name>
  <Value className="java.lang.Integer">1</Value>
</Feature>
<Feature>
  <Name className="java.lang.String">string</Name>
  <Value className="java.lang.String"> </Value>
</Feature>
</Annotation>
<Annotation Id="20" Type="Token" StartNode="45" EndNode="46">
<Feature>
  <Name className="java.lang.String">length</Name>
  <Value className="java.lang.Integer">1</Value>
</Feature>
<Feature>
  <Name className="java.lang.String">string</Name>
  <Value className="java.lang.String">"</Value>
</Feature>
</Annotation>
<Annotation Id="21" Type="SpaceToken" StartNode="46" EndNode="47">
<Feature>
  <Name className="java.lang.String">length</Name>
  <Value className="java.lang.Integer">1</Value>
</Feature>
<Feature>
  <Name className="java.lang.String">string</Name>
  <Value className="java.lang.String"> </Value>
</Feature>
</Annotation>
<Annotation Id="22" Type="movie" StartNode="39" EndNode="44">
<Feature>
  <Name className="java.lang.String">column</Name>
  <Value className="java.lang.Integer">1</Value>
</Feature>
<Feature>
  <Name className="java.lang.String">kind</Name>
  <Value className="java.lang.String">chunk</Value>
</Feature>
</Annotation>
<Annotation Id="23" Type="Token" StartNode="47" EndNode="49">
<Feature>
  <Name className="java.lang.String">length</Name>
  <Value className="java.lang.Integer">2</Value>
</Feature>
<Feature>
  <Name className="java.lang.String">string</Name>
  <Value className="java.lang.String">by</Value>
</Feature>
</Annotation>
<Annotation Id="24" Type="SpaceToken" StartNode="49" EndNode="50">
<Feature>
  <Name className="java.lang.String">length</Name>
  <Value className="java.lang.Integer">1</Value>
</Feature>
<Feature>
  <Name className="java.lang.String">string</Name>
  <Value className="java.lang.String"> </Value>
</Feature>
</Annotation>
<Annotation Id="25" Type="Token" StartNode="50" EndNode="57">
<Feature>
  <Name className="java.lang.String">length</Name>
  <Value className="java.lang.Integer">7</Value>
</Feature>
<Feature>
  <Name className="java.lang.String">string</Name>
  <Value className="java.lang.String">Spanish</Value>
</Feature>
</Annotation>
<Annotation Id="26" Type="SpaceToken" StartNode="57" EndNode="58">
<Feature>
  <Name className="java.lang.String">length</Name>
  <Value className="java.lang.Integer">1</Value>
</Feature>
<Feature>
  <Name className="java.lang.String">string</Name>
  <Value className="java.lang.String"> </Value>
</Feature>
</Annotation>
<Annotation Id="27" Type="Token" StartNode="58" EndNode="66">
<Feature>
  <Name className="java.lang.String">length</Name>
  <Value className="java.lang.Integer">8</Value>
</Feature>
<Feature>
  <Name className="java.lang.String">string</Name>
  <Value className="java.lang.String">director</Value>
</Feature>
</Annotation>
<Annotation Id="28" Type="SpaceToken" StartNode="66" EndNode="67">
<Feature>
  <Name className="java.lang.String">length</Name>
  <Value className="java.lang.Integer">1</Value>
</Feature>
<Feature>
  <Name className="java.lang.String">string</Name>
  <Value className="java.lang.String"> </Value>
</Feature>
</Annotation>
<Annotation Id="29" Type="Token" StartNode="67" EndNode="71">
<Feature>
  <Name className="java.lang.String">length</Name>
  <Value className="java.lang.Integer">4</Value>
</Feature>
<Feature>
  <Name className="java.lang.String">string</Name>
  <Value className="java.lang.String">Alex</Value>
</Feature>
</Annotation>
<Annotation Id="30" Type="SpaceToken" StartNode="71" EndNode="72">
<Feature>
  <Name className="java.lang.String">length</Name>
  <Value className="java.lang.Integer">1</Value>
</Feature>
<Feature>
  <Name className="java.lang.String">string</Name>
  <Value className="java.lang.String"> </Value>
</Feature>
</Annotation>
<Annotation Id="31" Type="Token" StartNode="72" EndNode="80">
<Feature>
  <Name className="java.lang.String">length</Name>
  <Value className="java.lang.Integer">8</Value>
</Feature>
<Feature>
  <Name className="java.lang.String">string</Name>
  <Value className="java.lang.String">Amenabar</Value>
</Feature>
</Annotation>
<Annotation Id="32" Type="SpaceToken" StartNode="80" EndNode="81">
<Feature>
  <Name className="java.lang.String">length</Name>
  <Value className="java.lang.Integer">1</Value>
</Feature>
<Feature>
  <Name className="java.lang.String">string</Name>
  <Value className="java.lang.String"> </Value>
</Feature>
</Annotation>
<Annotation Id="33" Type="Token" StartNode="81" EndNode="84">
<Feature>
  <Name className="java.lang.String">length</Name>
  <Value className="java.lang.Integer">3</Value>
</Feature>
<Feature>
  <Name className="java.lang.String">string</Name>
  <Value className="java.lang.String">who</Value>
</Feature>
</Annotation>
<Annotation Id="34" Type="SpaceToken" StartNode="84" EndNode="85">
<Feature>
  <Name className="java.lang.String">length</Name>
  <Value className="java.lang.Integer">1</Value>
</Feature>
<Feature>
  <Name className="java.lang.String">string</Name>
  <Value className="java.lang.String"> </Value>
</Feature>
</Annotation>
<Annotation Id="35" Type="person" StartNode="67" EndNode="80">
<Feature>
  <Name className="java.lang.String">column</Name>
  <Value className="java.lang.Integer">1</Value>
</Feature>
<Feature>
  <Name className="java.lang.String">kind</Name>
  <Value className="java.lang.String">chunk</Value>
</Feature>
</Annotation>
<Annotation Id="36" Type="Token" StartNode="85" EndNode="93">
<Feature>
  <Name className="java.lang.String">length</Name>
  <Value className="java.lang.Integer">8</Value>
</Feature>
<Feature>
  <Name className="java.lang.String">string</Name>
  <Value className="java.lang.String">directed</Value>
</Feature>
</Annotation>
<Annotation Id="37" Type="SpaceToken" StartNode="93" EndNode="94">
<Feature>
  <Name className="java.lang.String">length</Name>
  <Value className="java.lang.Integer">1</Value>
</Feature>
<Feature>
  <Name className="java.lang.String">string</Name>
  <Value className="java.lang.String"> </Value>
</Feature>
</Annotation>
<Annotation Id="38" Type="Token" StartNode="94" EndNode="95">
<Feature>
  <Name className="java.lang.String">length</Name>
  <Value className="java.lang.Integer">1</Value>
</Feature>
<Feature>
  <Name className="java.lang.String">string</Name>
  <Value className="java.lang.String">"</Value>
</Feature>
</Annotation>
<Annotation Id="39" Type="SpaceToken" StartNode="95" EndNode="96">
<Feature>
  <Name className="java.lang.String">length</Name>
  <Value className="java.lang.Integer">1</Value>
</Feature>
<Feature>
  <Name className="java.lang.String">string</Name>
  <Value className="java.lang.String"> </Value>
</Feature>
</Annotation>
<Annotation Id="40" Type="Token" StartNode="96" EndNode="99">
<Feature>
  <Name className="java.lang.String">length</Name>
  <Value className="java.lang.Integer">3</Value>
</Feature>
<Feature>
  <Name className="java.lang.String">string</Name>
  <Value className="java.lang.String">Mar</Value>
</Feature>
</Annotation>
<Annotation Id="41" Type="SpaceToken" StartNode="99" EndNode="100">
<Feature>
  <Name className="java.lang.String">length</Name>
  <Value className="java.lang.Integer">1</Value>
</Feature>
<Feature>
  <Name className="java.lang.String">string</Name>
  <Value className="java.lang.String"> </Value>
</Feature>
</Annotation>
<Annotation Id="42" Type="Token" StartNode="100" EndNode="107">
<Feature>
  <Name className="java.lang.String">length</Name>
  <Value className="java.lang.Integer">7</Value>
</Feature>
<Feature>
  <Name className="java.lang.String">string</Name>
  <Value className="java.lang.String">Adentro</Value>
</Feature>
</Annotation>
<Annotation Id="43" Type="SpaceToken" StartNode="107" EndNode="108">
<Feature>
  <Name className="java.lang.String">length</Name>
  <Value className="java.lang.Integer">1</Value>
</Feature>
<Feature>
  <Name className="java.lang.String">string</Name>
  <Value className="java.lang.String"> </Value>
</Feature>
</Annotation>
<Annotation Id="44" Type="Token" StartNode="108" EndNode="109">
<Feature>
  <Name className="java.lang.String">length</Name>
  <Value className="java.lang.Integer">1</Value>
</Feature>
<Feature>
  <Name className="java.lang.String">string</Name>
  <Value className="java.lang.String">"</Value>
</Feature>
</Annotation>
<Annotation Id="45" Type="SpaceToken" StartNode="109" EndNode="110">
<Feature>
  <Name className="java.lang.String">length</Name>
  <Value className="java.lang.Integer">1</Value>
</Feature>
<Feature>
  <Name className="java.lang.String">string</Name>
  <Value className="java.lang.String"> </Value>
</Feature>
</Annotation>
<Annotation Id="46" Type="movie" StartNode="96" EndNode="107">
<Feature>
  <Name className="java.lang.String">column</Name>
  <Value className="java.lang.Integer">1</Value>
</Feature>
<Feature>
  <Name className="java.lang.String">kind</Name>
  <Value className="java.lang.String">chunk</Value>
</Feature>
</Annotation>
<Annotation Id="47" Type="Token" StartNode="110" EndNode="111">
<Feature>
  <Name className="java.lang.String">length</Name>
  <Value className="java.lang.Integer">1</Value>
</Feature>
<Feature>
  <Name className="java.lang.String">string</Name>
  <Value className="java.lang.String">(</Value>
</Feature>
</Annotation>
<Annotation Id="48" Type="SpaceToken" StartNode="111" EndNode="112">
<Feature>
  <Name className="java.lang.String">length</Name>
  <Value className="java.lang.Integer">1</Value>
</Feature>
<Feature>
  <Name className="java.lang.String">string</Name>
  <Value className="java.lang.String"> </Value>
</Feature>
</Annotation>
<Annotation Id="49" Type="Token" StartNode="112" EndNode="113">
<Feature>
  <Name className="java.lang.String">length</Name>
  <Value className="java.lang.Integer">1</Value>
</Feature>
<Feature>
  <Name className="java.lang.String">string</Name>
  <Value className="java.lang.String">"</Value>
</Feature>
</Annotation>
<Annotation Id="50" Type="SpaceToken" StartNode="113" EndNode="114">
<Feature>
  <Name className="java.lang.String">length</Name>
  <Value className="java.lang.Integer">1</Value>
</Feature>
<Feature>
  <Name className="java.lang.String">string</Name>
  <Value className="java.lang.String"> </Value>
</Feature>
</Annotation>
<Annotation Id="51" Type="Token" StartNode="114" EndNode="117">
<Feature>
  <Name className="java.lang.String">length</Name>
  <Value className="java.lang.Integer">3</Value>
</Feature>
<Feature>
  <Name className="java.lang.String">string</Name>
  <Value className="java.lang.String">The</Value>
</Feature>
</Annotation>
<Annotation Id="52" Type="SpaceToken" StartNode="117" EndNode="118">
<Feature>
  <Name className="java.lang.String">length</Name>
  <Value className="java.lang.Integer">1</Value>
</Feature>
<Feature>
  <Name className="java.lang.String">string</Name>
  <Value className="java.lang.String"> </Value>
</Feature>
</Annotation>
<Annotation Id="53" Type="Token" StartNode="118" EndNode="121">
<Feature>
  <Name className="java.lang.String">length</Name>
  <Value className="java.lang.Integer">3</Value>
</Feature>
<Feature>
  <Name className="java.lang.String">string</Name>
  <Value className="java.lang.String">Sea</Value>
</Feature>
</Annotation>
<Annotation Id="54" Type="SpaceToken" StartNode="121" EndNode="122">
<Feature>
  <Name className="java.lang.String">length</Name>
  <Value className="java.lang.Integer">1</Value>
</Feature>
<Feature>
  <Name className="java.lang.String">string</Name>
  <Value className="java.lang.String"> </Value>
</Feature>
</Annotation>
<Annotation Id="55" Type="Token" StartNode="122" EndNode="128">
<Feature>
  <Name className="java.lang.String">length</Name>
  <Value className="java.lang.Integer">6</Value>
</Feature>
<Feature>
  <Name className="java.lang.String">string</Name>
  <Value className="java.lang.String">Inside</Value>
</Feature>
</Annotation>
<Annotation Id="56" Type="SpaceToken" StartNode="128" EndNode="129">
<Feature>
  <Name className="java.lang.String">length</Name>
  <Value className="java.lang.Integer">1</Value>
</Feature>
<Feature>
  <Name className="java.lang.String">string</Name>
  <Value className="java.lang.String"> </Value>
</Feature>
</Annotation>
<Annotation Id="57" Type="Token" StartNode="129" EndNode="130">
<Feature>
  <Name className="java.lang.String">length</Name>
  <Value className="java.lang.Integer">1</Value>
</Feature>
<Feature>
  <Name className="java.lang.String">string</Name>
  <Value className="java.lang.String">"</Value>
</Feature>
</Annotation>
<Annotation Id="58" Type="SpaceToken" StartNode="130" EndNode="131">
<Feature>
  <Name className="java.lang.String">length</Name>
  <Value className="java.lang.Integer">1</Value>
</Feature>
<Feature>
  <Name className="java.lang.String">string</Name>
  <Value className="java.lang.String"> </Value>
</Feature>
</Annotation>
<Annotation Id="59" Type="movie" StartNode="114" EndNode="128">
<Feature>
  <Name className="java.lang.String">column</Name>
  <Value className="java.lang.Integer">1</Value>
</Feature>
<Feature>
  <Name className="java.lang.String">kind</Name>
  <Value className="java.lang.String">chunk</Value>
</Feature>
</Annotation>
<Annotation Id="60" Type="Token" StartNode="131" EndNode="132">
<Feature>
  <Name className="java.lang.String">length</Name>
  <Value className="java.lang.Integer">1</Value>
</Feature>
<Feature>
  <Name className="java.lang.String">string</Name>
  <Value className="java.lang.String">)</Value>
</Feature>
</Annotation>
<Annotation Id="61" Type="SpaceToken" StartNode="132" EndNode="133">
<Feature>
  <Name className="java.lang.String">length</Name>
  <Value className="java.lang.Integer">1</Value>
</Feature>
<Feature>
  <Name className="java.lang.String">string</Name>
  <Value className="java.lang.String"> </Value>
</Feature>
</Annotation>
<Annotation Id="62" Type="Token" StartNode="133" EndNode="134">
<Feature>
  <Name className="java.lang.String">length</Name>
  <Value className="java.lang.Integer">1</Value>
</Feature>
<Feature>
  <Name className="java.lang.String">string</Name>
  <Value className="java.lang.String">.</Value>
</Feature>
</Annotation>
<Annotation Id="63" Type="SpaceToken" StartNode="134" EndNode="135">
<Feature>
  <Name className="java.lang.String">length</Name>
  <Value className="java.lang.Integer">1</Value>
</Feature>
<Feature>
  <Name className="java.lang.String">string</Name>
  <Value className="java.lang.String"> </Value>
</Feature>
</Annotation>
<Annotation Id="64" Type="Token" StartNode="135" EndNode="143">
<Feature>
  <Name className="java.lang.String">length</Name>
  <Value className="java.lang.Integer">8</Value>
</Feature>
<Feature>
  <Name className="java.lang.String">string</Name>
  <Value className="java.lang.String">W/Rachel</Value>
</Feature>
</Annotation>
<Annotation Id="65" Type="SpaceToken" StartNode="143" EndNode="144">
<Feature>
  <Name className="java.lang.String">length</Name>
  <Value className="java.lang.Integer">1</Value>
</Feature>
<Feature>
  <Name className="java.lang.String">string</Name>
  <Value className="java.lang.String"> </Value>
</Feature>
</Annotation>
<Annotation Id="66" Type="Token" StartNode="144" EndNode="149">
<Feature>
  <Name className="java.lang.String">length</Name>
  <Value className="java.lang.Integer">5</Value>
</Feature>
<Feature>
  <Name className="java.lang.String">string</Name>
  <Value className="java.lang.String">Weisz</Value>
</Feature>
</Annotation>
<Annotation Id="67" Type="SpaceToken" StartNode="149" EndNode="150">
<Feature>
  <Name className="java.lang.String">length</Name>
  <Value className="java.lang.Integer">1</Value>
</Feature>
<Feature>
  <Name className="java.lang.String">string</Name>
  <Value className="java.lang.String"> </Value>
</Feature>
</Annotation>
<Annotation Id="68" Type="Token" StartNode="150" EndNode="151">
<Feature>
  <Name className="java.lang.String">length</Name>
  <Value className="java.lang.Integer">1</Value>
</Feature>
<Feature>
  <Name className="java.lang.String">string</Name>
  <Value className="java.lang.String">.</Value>
</Feature>
</Annotation>
<Annotation Id="69" Type="SpaceToken" StartNode="151" EndNode="152">
<Feature>
  <Name className="java.lang.String">length</Name>
  <Value className="java.lang.Integer">1</Value>
</Feature>
<Feature>
  <Name className="java.lang.String">string</Name>
  <Value className="java.lang.String"> </Value>
</Feature>
</Annotation>
<Annotation Id="70" Type="person" StartNode="135" EndNode="149">
<Feature>
  <Name className="java.lang.String">column</Name>
  <Value className="java.lang.Integer">1</Value>
</Feature>
<Feature>
  <Name className="java.lang.String">kind</Name>
  <Value className="java.lang.String">chunk</Value>
</Feature>
</Annotation>
</AnnotationSet>

<!-- Named annotation set -->

<AnnotationSet Name="Key">
<Annotation Id="1323" Type="Mention" StartNode="114" EndNode="128">
<Feature>
  <Name className="java.lang.String">subclass</Name>
  <Value className="java.lang.String">movie</Value>
</Feature>
<Feature>
  <Name className="java.lang.String">class</Name>
  <Value className="java.lang.String">Misc</Value>
</Feature>
<Feature>
  <Name className="java.lang.String">inst</Name>
  <Value className="java.lang.String">http://dbpedia.org/resource/The_Sea_Inside</Value>
</Feature>
</Annotation>
<Annotation Id="1324" Type="Mention" StartNode="135" EndNode="149">
<Feature>
  <Name className="java.lang.String">subclass</Name>
  <Value className="java.lang.String">person</Value>
</Feature>
<Feature>
  <Name className="java.lang.String">class</Name>
  <Value className="java.lang.String">Person</Value>
</Feature>
<Feature>
  <Name className="java.lang.String">inst</Name>
  <Value className="java.lang.String">http://dbpedia.org/resource/Rachel_Weisz</Value>
</Feature>
</Annotation>
<Annotation Id="1325" Type="Mention" StartNode="39" EndNode="44">
<Feature>
  <Name className="java.lang.String">subclass</Name>
  <Value className="java.lang.String">movie</Value>
</Feature>
<Feature>
  <Name className="java.lang.String">class</Name>
  <Value className="java.lang.String">Misc</Value>
</Feature>
<Feature>
  <Name className="java.lang.String">inst</Name>
  <Value className="java.lang.String">http://dbpedia.org/resource/Agora_%28film%29</Value>
</Feature>
</Annotation>
<Annotation Id="1326" Type="Mention" StartNode="67" EndNode="80">
<Feature>
  <Name className="java.lang.String">subclass</Name>
  <Value className="java.lang.String">person</Value>
</Feature>
<Feature>
  <Name className="java.lang.String">class</Name>
  <Value className="java.lang.String">Person</Value>
</Feature>
<Feature>
  <Name className="java.lang.String">inst</Name>
  <Value className="java.lang.String">http://dbpedia.org/resource/Alejandro_Amenabar</Value>
</Feature>
</Annotation>
<Annotation Id="1327" Type="Mention" StartNode="96" EndNode="107">
<Feature>
  <Name className="java.lang.String">subclass</Name>
  <Value className="java.lang.String">movie</Value>
</Feature>
<Feature>
  <Name className="java.lang.String">class</Name>
  <Value className="java.lang.String">Misc</Value>
</Feature>
<Feature>
  <Name className="java.lang.String">inst</Name>
  <Value className="java.lang.String">http://dbpedia.org/resource/The_Sea_Inside</Value>
</Feature>
</Annotation>
</AnnotationSet>

</GateDocument>
