<?xml version='1.0' encoding='windows-1252'?>
<GateDocument version="3">
<!-- The document's features-->

<GateDocumentFeatures>
<Feature>
  <Name className="java.lang.String">deleteNonNNPLookups</Name>
  <Value className="java.lang.String">true</Value>
</Feature>
<Feature>
  <Name className="java.lang.String">gate.SourceURL</Name>
  <Value className="java.lang.String">jar:file:/opt/teamware/teamware-webapps/executive/resources/niraj/200-text.zip!/fixed-unique-posts_0000002924.xml</Value>
</Feature>
<Feature>
  <Name className="java.lang.String">lang</Name>
  <Value className="java.lang.String">en</Value>
</Feature>
<Feature>
  <Name className="java.lang.String">MimeType</Name>
  <Value className="java.lang.String">text/xml</Value>
</Feature>
</GateDocumentFeatures>
<!-- The document content area with serialized nodes -->

<TextWithNodes><Node id="0"/>@<Node id="1"/>naufalsanaullah<Node id="16"/> yes, maybe or early next year. Will send you tour de force piece that debunks fear mongers/twisters of <Node id="120"/>Irving Fisher<Node id="133"/> meme<Node id="138"/></TextWithNodes>
<!-- The default annotation set -->

<AnnotationSet>
</AnnotationSet>

<!-- Named annotation set -->

<AnnotationSet Name="consensus">
</AnnotationSet>

<!-- Named annotation set -->

<AnnotationSet Name="Original markups">
<Annotation Id="0" Type="text" StartNode="0" EndNode="138">
</Annotation>
</AnnotationSet>

<!-- Named annotation set -->

<AnnotationSet Name="Key">
<Annotation Id="324" Type="Mention" StartNode="1" EndNode="16">
<Feature>
  <Name className="java.lang.String">class</Name>
  <Value className="java.lang.String">Person</Value>
</Feature>
<Feature>
  <Name className="java.lang.String">inst</Name>
  <Value className="java.lang.String">NIL</Value>
</Feature>
</Annotation>
<Annotation Id="325" Type="Mention" StartNode="120" EndNode="133">
<Feature>
  <Name className="java.lang.String">class</Name>
  <Value className="java.lang.String">UNK</Value>
</Feature>
<Feature>
  <Name className="java.lang.String">inst</Name>
  <Value className="java.lang.String">http://dbpedia.org/resource/Irving_Fisher</Value>
</Feature>
</Annotation>
</AnnotationSet>

</GateDocument>
