<?xml version='1.0' encoding='windows-1252'?>
<GateDocument version="3">
<!-- The document's features-->

<GateDocumentFeatures>
<Feature>
  <Name className="java.lang.String">safe.asname.annotator2</Name>
  <Value className="java.lang.String">renisha.chainani</Value>
</Feature>
<Feature>
  <Name className="java.lang.String">deleteNonNNPLookups</Name>
  <Value className="java.lang.String">true</Value>
</Feature>
<Feature>
  <Name className="java.lang.String">gate.SourceURL</Name>
  <Value className="java.lang.String">jar:file:/opt/teamware/teamware-webapps/executive/resources/niraj/200-text.zip!/fixed-unique-posts_0000003129.xml</Value>
</Feature>
<Feature>
  <Name className="java.lang.String">safe.asname.annotator1</Name>
  <Value className="java.lang.String">haresh.choithani</Value>
</Feature>
<Feature>
  <Name className="java.lang.String">lang</Name>
  <Value className="java.lang.String">en</Value>
</Feature>
<Feature>
  <Name className="java.lang.String">MimeType</Name>
  <Value className="java.lang.String">text/xml</Value>
</Feature>
</GateDocumentFeatures>
<!-- The document content area with serialized nodes -->

<TextWithNodes><Node id="0"/>How do <Node id="7"/>Weidmann<Node id="15"/> and <Node id="20"/>Schaeuble<Node id="29"/> like the move in EURJPY today? haha silly Germans<Node id="79"/></TextWithNodes>
<!-- The default annotation set -->

<AnnotationSet>
</AnnotationSet>

<!-- Named annotation set -->

<AnnotationSet Name="Original markups">
<Annotation Id="0" Type="text" StartNode="0" EndNode="79">
</Annotation>
</AnnotationSet>

<!-- Named annotation set -->

<AnnotationSet Name="Key">
<Annotation Id="118" Type="Mention" StartNode="7" EndNode="15">
<Feature>
  <Name className="java.lang.String">class</Name>
  <Value className="java.lang.String">Organization</Value>
</Feature>
<Feature>
  <Name className="java.lang.String">inst</Name>
  <Value className="java.lang.String">http://dbpedia.org/resource/Jens_Weidmann</Value>
</Feature>
</Annotation>
<Annotation Id="119" Type="Mention" StartNode="20" EndNode="29">
<Feature>
  <Name className="java.lang.String">class</Name>
  <Value className="java.lang.String">Organization</Value>
</Feature>
<Feature>
  <Name className="java.lang.String">inst</Name>
  <Value className="java.lang.String">http://dbpedia.org/resource/Wolfgang_Sch%C3%A4uble</Value>
</Feature>
</Annotation>
</AnnotationSet>

</GateDocument>
