<?xml version='1.0' encoding='windows-1252'?>
<GateDocument version="3">
<!-- The document's features-->

<GateDocumentFeatures>
<Feature>
  <Name className="java.lang.String">safe.asname.annotator2</Name>
  <Value className="java.lang.String">renisha.chainani</Value>
</Feature>
<Feature>
  <Name className="java.lang.String">deleteNonNNPLookups</Name>
  <Value className="java.lang.String">true</Value>
</Feature>
<Feature>
  <Name className="java.lang.String">gate.SourceURL</Name>
  <Value className="java.lang.String">jar:file:/opt/teamware/teamware-webapps/executive/resources/niraj/200-text.zip!/fixed-unique-posts_0000003583.xml</Value>
</Feature>
<Feature>
  <Name className="java.lang.String">safe.asname.annotator1</Name>
  <Value className="java.lang.String">haresh.choithani</Value>
</Feature>
<Feature>
  <Name className="java.lang.String">lang</Name>
  <Value className="java.lang.String">en</Value>
</Feature>
<Feature>
  <Name className="java.lang.String">MimeType</Name>
  <Value className="java.lang.String">text/xml</Value>
</Feature>
</GateDocumentFeatures>
<!-- The document content area with serialized nodes -->

<TextWithNodes><Node id="0"/>@<Node id="1"/>GMRobertson<Node id="12"/> they should chain bomber to bench at quad in <Node id="58"/>West Point<Node id="68"/> while we figure out what to do with him. let kids have a talk with him<Node id="139"/></TextWithNodes>
<!-- The default annotation set -->

<AnnotationSet>
</AnnotationSet>

<!-- Named annotation set -->

<AnnotationSet Name="Original markups">
<Annotation Id="0" Type="text" StartNode="0" EndNode="139">
</Annotation>
</AnnotationSet>

<!-- Named annotation set -->

<AnnotationSet Name="Key">
<Annotation Id="322" Type="Mention" StartNode="58" EndNode="68">
<Feature>
  <Name className="java.lang.String">class</Name>
  <Value className="java.lang.String">Location</Value>
</Feature>
<Feature>
  <Name className="java.lang.String">inst</Name>
  <Value className="java.lang.String">http://dbpedia.org/resource/United_States_Military_Academy</Value>
</Feature>
</Annotation>
<Annotation Id="323" Type="Mention" StartNode="1" EndNode="12">
<Feature>
  <Name className="java.lang.String">class</Name>
  <Value className="java.lang.String">Person</Value>
</Feature>
<Feature>
  <Name className="java.lang.String">inst</Name>
  <Value className="java.lang.String">NIL</Value>
</Feature>
</Annotation>
</AnnotationSet>

</GateDocument>
